2026/03/24 02:21:12 queryAllStructure: 
						SELECT table_name AS name, 'TABLE' AS type 
						FROM information_schema.tables 
						WHERE table_schema = 'todo_app_mysql' AND table_type = 'BASE TABLE'

						UNION ALL

						SELECT table_name AS name, 'VIEW' AS type 
						FROM information_schema.tables 
						WHERE table_schema = 'todo_app_mysql' AND table_type = 'VIEW'

						UNION ALL

						SELECT routine_name AS name, 'PROCEDURE' AS type 
						FROM information_schema.routines 
						WHERE routine_schema = 'todo_app_mysql' AND routine_type = 'PROCEDURE'

						UNION ALL

						SELECT routine_name AS name, 'FUNCTION' AS type 
						FROM information_schema.routines 
						WHERE routine_schema = 'todo_app_mysql' AND routine_type = 'FUNCTION'

						UNION ALL

						SELECT trigger_name AS name, 'TRIGGER' AS type 
						FROM information_schema.triggers 
						WHERE trigger_schema = 'todo_app_mysql'

						UNION ALL

						SELECT event_name AS name, 'EVENT' AS type 
						FROM information_schema.events 
						WHERE event_schema = 'todo_app_mysql';
2026/03/24 02:21:16 TABLE,VIEW: SELECT * FROM users LIMIT 100
2026/03/24 02:21:17 Exporting 4 objects...

2026/03/24 02:21:17 [green]Exported TABLE     : users                          [25.0%] (ETA 0s)
2026/03/24 02:21:17 [green]Exported TABLE     : users_log                      [75.0%] (ETA 0s)
2026/03/24 02:21:17 [green]Exported TRIGGER   : users_after_insert_log         [100.0%] (ETA 0s)
2026/03/24 18:23:21 queryAllStructure: 
						SELECT table_name AS name, 'TABLE' AS type 
						FROM information_schema.tables 
						WHERE table_schema = 'funding_manage' AND table_type = 'BASE TABLE'

						UNION ALL

						SELECT table_name AS name, 'VIEW' AS type 
						FROM information_schema.tables 
						WHERE table_schema = 'funding_manage' AND table_type = 'VIEW'

						UNION ALL

						SELECT routine_name AS name, 'PROCEDURE' AS type 
						FROM information_schema.routines 
						WHERE routine_schema = 'funding_manage' AND routine_type = 'PROCEDURE'

						UNION ALL

						SELECT routine_name AS name, 'FUNCTION' AS type 
						FROM information_schema.routines 
						WHERE routine_schema = 'funding_manage' AND routine_type = 'FUNCTION'

						UNION ALL

						SELECT trigger_name AS name, 'TRIGGER' AS type 
						FROM information_schema.triggers 
						WHERE trigger_schema = 'funding_manage'

						UNION ALL

						SELECT event_name AS name, 'EVENT' AS type 
						FROM information_schema.events 
						WHERE event_schema = 'funding_manage';
2026/03/24 18:23:25 TABLE,VIEW: SELECT * FROM etf_market_instruments LIMIT 100
2026/03/24 18:23:27 TABLE,VIEW: SELECT * FROM global_market_daily_snapshots LIMIT 100
2026/03/24 18:23:29 TABLE,VIEW: SELECT * FROM job_batches LIMIT 100
2026/03/24 18:23:30 TABLE,VIEW: SELECT * FROM jobs LIMIT 100
2026/03/24 18:23:31 queryAllStructure: 
						SELECT table_name AS name, 'TABLE' AS type 
						FROM information_schema.tables 
						WHERE table_schema = 'funding_manage' AND table_type = 'BASE TABLE'

						UNION ALL

						SELECT table_name AS name, 'VIEW' AS type 
						FROM information_schema.tables 
						WHERE table_schema = 'funding_manage' AND table_type = 'VIEW'

						UNION ALL

						SELECT routine_name AS name, 'PROCEDURE' AS type 
						FROM information_schema.routines 
						WHERE routine_schema = 'funding_manage' AND routine_type = 'PROCEDURE'

						UNION ALL

						SELECT routine_name AS name, 'FUNCTION' AS type 
						FROM information_schema.routines 
						WHERE routine_schema = 'funding_manage' AND routine_type = 'FUNCTION'

						UNION ALL

						SELECT trigger_name AS name, 'TRIGGER' AS type 
						FROM information_schema.triggers 
						WHERE trigger_schema = 'funding_manage'

						UNION ALL

						SELECT event_name AS name, 'EVENT' AS type 
						FROM information_schema.events 
						WHERE event_schema = 'funding_manage';
2026/03/24 18:23:35 TABLE,VIEW: SELECT * FROM portfolio_holdings LIMIT 100
2026/03/24 18:23:36 TABLE,VIEW: SELECT * FROM portfolios LIMIT 100
2026/03/24 18:23:39 TABLE,VIEW: SELECT * FROM stock_recommendations LIMIT 100
2026/03/24 18:23:44 TABLE,VIEW: SELECT * FROM telescope_entries_tags LIMIT 100
2026/03/24 18:31:33 queryAllStructure: 
						SELECT table_name AS name, 'TABLE' AS type 
						FROM information_schema.tables 
						WHERE table_schema = 'information_schema' AND table_type = 'BASE TABLE'

						UNION ALL

						SELECT table_name AS name, 'VIEW' AS type 
						FROM information_schema.tables 
						WHERE table_schema = 'information_schema' AND table_type = 'VIEW'

						UNION ALL

						SELECT routine_name AS name, 'PROCEDURE' AS type 
						FROM information_schema.routines 
						WHERE routine_schema = 'information_schema' AND routine_type = 'PROCEDURE'

						UNION ALL

						SELECT routine_name AS name, 'FUNCTION' AS type 
						FROM information_schema.routines 
						WHERE routine_schema = 'information_schema' AND routine_type = 'FUNCTION'

						UNION ALL

						SELECT trigger_name AS name, 'TRIGGER' AS type 
						FROM information_schema.triggers 
						WHERE trigger_schema = 'information_schema'

						UNION ALL

						SELECT event_name AS name, 'EVENT' AS type 
						FROM information_schema.events 
						WHERE event_schema = 'information_schema';
2026/03/24 18:31:37 queryAllStructure: 
						SELECT table_name AS name, 'TABLE' AS type 
						FROM information_schema.tables 
						WHERE table_schema = 'todo_app_mysql' AND table_type = 'BASE TABLE'

						UNION ALL

						SELECT table_name AS name, 'VIEW' AS type 
						FROM information_schema.tables 
						WHERE table_schema = 'todo_app_mysql' AND table_type = 'VIEW'

						UNION ALL

						SELECT routine_name AS name, 'PROCEDURE' AS type 
						FROM information_schema.routines 
						WHERE routine_schema = 'todo_app_mysql' AND routine_type = 'PROCEDURE'

						UNION ALL

						SELECT routine_name AS name, 'FUNCTION' AS type 
						FROM information_schema.routines 
						WHERE routine_schema = 'todo_app_mysql' AND routine_type = 'FUNCTION'

						UNION ALL

						SELECT trigger_name AS name, 'TRIGGER' AS type 
						FROM information_schema.triggers 
						WHERE trigger_schema = 'todo_app_mysql'

						UNION ALL

						SELECT event_name AS name, 'EVENT' AS type 
						FROM information_schema.events 
						WHERE event_schema = 'todo_app_mysql';
2026/03/24 18:31:38 TABLE,VIEW: SELECT * FROM users_log LIMIT 100
2026/03/24 18:31:40 TABLE,VIEW: SELECT * FROM users LIMIT 100
2026/03/24 18:32:01 queryAllStructure: 
						SELECT table_name AS name, 'TABLE' AS type 
						FROM information_schema.tables 
						WHERE table_schema = 'funding_manage' AND table_type = 'BASE TABLE'

						UNION ALL

						SELECT table_name AS name, 'VIEW' AS type 
						FROM information_schema.tables 
						WHERE table_schema = 'funding_manage' AND table_type = 'VIEW'

						UNION ALL

						SELECT routine_name AS name, 'PROCEDURE' AS type 
						FROM information_schema.routines 
						WHERE routine_schema = 'funding_manage' AND routine_type = 'PROCEDURE'

						UNION ALL

						SELECT routine_name AS name, 'FUNCTION' AS type 
						FROM information_schema.routines 
						WHERE routine_schema = 'funding_manage' AND routine_type = 'FUNCTION'

						UNION ALL

						SELECT trigger_name AS name, 'TRIGGER' AS type 
						FROM information_schema.triggers 
						WHERE trigger_schema = 'funding_manage'

						UNION ALL

						SELECT event_name AS name, 'EVENT' AS type 
						FROM information_schema.events 
						WHERE event_schema = 'funding_manage';
2026/03/24 18:32:07 TABLE,VIEW: SELECT * FROM telescope_entries LIMIT 100
2026/03/24 18:34:19 TABLE,VIEW: SELECT * FROM s_gold_bonds LIMIT 100
2026/03/24 18:34:22 TABLE,VIEW: SELECT * FROM market_factors LIMIT 100
2026/03/24 20:52:42 queryAllStructure: 
						SELECT table_name AS name, 'TABLE' AS type 
						FROM information_schema.tables 
						WHERE table_schema = 'db1' AND table_type = 'BASE TABLE'

						UNION ALL

						SELECT table_name AS name, 'VIEW' AS type 
						FROM information_schema.tables 
						WHERE table_schema = 'db1' AND table_type = 'VIEW'

						UNION ALL

						SELECT routine_name AS name, 'PROCEDURE' AS type 
						FROM information_schema.routines 
						WHERE routine_schema = 'db1' AND routine_type = 'PROCEDURE'

						UNION ALL

						SELECT routine_name AS name, 'FUNCTION' AS type 
						FROM information_schema.routines 
						WHERE routine_schema = 'db1' AND routine_type = 'FUNCTION'

						UNION ALL

						SELECT trigger_name AS name, 'TRIGGER' AS type 
						FROM information_schema.triggers 
						WHERE trigger_schema = 'db1'

						UNION ALL

						SELECT event_name AS name, 'EVENT' AS type 
						FROM information_schema.events 
						WHERE event_schema = 'db1';
2026/03/24 20:53:01 queryAllStructure: 
						SELECT table_name AS name, 'TABLE' AS type 
						FROM information_schema.tables 
						WHERE table_schema = 'v1' AND table_type = 'BASE TABLE'

						UNION ALL

						SELECT table_name AS name, 'VIEW' AS type 
						FROM information_schema.tables 
						WHERE table_schema = 'v1' AND table_type = 'VIEW'

						UNION ALL

						SELECT routine_name AS name, 'PROCEDURE' AS type 
						FROM information_schema.routines 
						WHERE routine_schema = 'v1' AND routine_type = 'PROCEDURE'

						UNION ALL

						SELECT routine_name AS name, 'FUNCTION' AS type 
						FROM information_schema.routines 
						WHERE routine_schema = 'v1' AND routine_type = 'FUNCTION'

						UNION ALL

						SELECT trigger_name AS name, 'TRIGGER' AS type 
						FROM information_schema.triggers 
						WHERE trigger_schema = 'v1'

						UNION ALL

						SELECT event_name AS name, 'EVENT' AS type 
						FROM information_schema.events 
						WHERE event_schema = 'v1';
2026/03/24 20:53:57 queryAllStructure: 
						SELECT table_name AS name, 'TABLE' AS type 
						FROM information_schema.tables 
						WHERE table_schema = 'v1' AND table_type = 'BASE TABLE'

						UNION ALL

						SELECT table_name AS name, 'VIEW' AS type 
						FROM information_schema.tables 
						WHERE table_schema = 'v1' AND table_type = 'VIEW'

						UNION ALL

						SELECT routine_name AS name, 'PROCEDURE' AS type 
						FROM information_schema.routines 
						WHERE routine_schema = 'v1' AND routine_type = 'PROCEDURE'

						UNION ALL

						SELECT routine_name AS name, 'FUNCTION' AS type 
						FROM information_schema.routines 
						WHERE routine_schema = 'v1' AND routine_type = 'FUNCTION'

						UNION ALL

						SELECT trigger_name AS name, 'TRIGGER' AS type 
						FROM information_schema.triggers 
						WHERE trigger_schema = 'v1'

						UNION ALL

						SELECT event_name AS name, 'EVENT' AS type 
						FROM information_schema.events 
						WHERE event_schema = 'v1';
2026/03/24 20:53:58 TABLE,VIEW: SELECT * FROM test LIMIT 100
2026/03/24 20:53:58  KEYS error Error getting primary key column: sql: no rows in result set
2026/03/24 20:53:58 dbName: v1
2026/03/24 20:53:58 tableName: test
2026/03/24 20:53:58 Query: 
	SELECT COLUMN_NAME
	FROM INFORMATION_SCHEMA.COLUMNS
	WHERE TABLE_SCHEMA = ?
	  AND TABLE_NAME = ?
	  AND COLUMN_KEY = 'PRI'
	LIMIT 1
	
2026/03/24 20:53:58 PrimaryKey: 
2026/03/24 20:53:58 Error: sql: no rows in result set
2026/03/24 20:53:58 tableName: test
2026/03/24 20:53:58 dbName: v1
2026/03/24 20:53:58 Error getting primary key column: sql: no rows in result set
2026/03/24 20:55:24 queryAllStructure: 
						SELECT table_name AS name, 'TABLE' AS type 
						FROM information_schema.tables 
						WHERE table_schema = 'v1' AND table_type = 'BASE TABLE'

						UNION ALL

						SELECT table_name AS name, 'VIEW' AS type 
						FROM information_schema.tables 
						WHERE table_schema = 'v1' AND table_type = 'VIEW'

						UNION ALL

						SELECT routine_name AS name, 'PROCEDURE' AS type 
						FROM information_schema.routines 
						WHERE routine_schema = 'v1' AND routine_type = 'PROCEDURE'

						UNION ALL

						SELECT routine_name AS name, 'FUNCTION' AS type 
						FROM information_schema.routines 
						WHERE routine_schema = 'v1' AND routine_type = 'FUNCTION'

						UNION ALL

						SELECT trigger_name AS name, 'TRIGGER' AS type 
						FROM information_schema.triggers 
						WHERE trigger_schema = 'v1'

						UNION ALL

						SELECT event_name AS name, 'EVENT' AS type 
						FROM information_schema.events 
						WHERE event_schema = 'v1';
2026/03/24 20:55:25 TABLE,VIEW: SELECT * FROM test LIMIT 100
2026/03/24 20:55:25  KEYS error Error getting primary key column: sql: no rows in result set
2026/03/24 20:55:25 dbName: v1
2026/03/24 20:55:25 tableName: test
2026/03/24 20:55:25 Query: 
	SELECT COLUMN_NAME
	FROM INFORMATION_SCHEMA.COLUMNS
	WHERE TABLE_SCHEMA = ?
	  AND TABLE_NAME = ?
	  AND COLUMN_KEY = 'PRI'
	LIMIT 1
	
2026/03/24 20:55:25 PrimaryKey: 
2026/03/24 20:55:25 Error: sql: no rows in result set
2026/03/24 20:55:25 tableName: test
2026/03/24 20:55:25 dbName: v1
2026/03/24 20:55:25 Error getting primary key column: sql: no rows in result set
2026/03/24 20:55:38 Exporting 1 objects...

2026/03/24 20:55:38 [green]Exported TABLE     : test                           [100.0%] (ETA 0s)
2026/03/24 20:58:47 queryAllStructure: 
						SELECT table_name AS name, 'TABLE' AS type 
						FROM information_schema.tables 
						WHERE table_schema = 'v1' AND table_type = 'BASE TABLE'

						UNION ALL

						SELECT table_name AS name, 'VIEW' AS type 
						FROM information_schema.tables 
						WHERE table_schema = 'v1' AND table_type = 'VIEW'

						UNION ALL

						SELECT routine_name AS name, 'PROCEDURE' AS type 
						FROM information_schema.routines 
						WHERE routine_schema = 'v1' AND routine_type = 'PROCEDURE'

						UNION ALL

						SELECT routine_name AS name, 'FUNCTION' AS type 
						FROM information_schema.routines 
						WHERE routine_schema = 'v1' AND routine_type = 'FUNCTION'

						UNION ALL

						SELECT trigger_name AS name, 'TRIGGER' AS type 
						FROM information_schema.triggers 
						WHERE trigger_schema = 'v1'

						UNION ALL

						SELECT event_name AS name, 'EVENT' AS type 
						FROM information_schema.events 
						WHERE event_schema = 'v1';
2026/03/24 20:58:47 TABLE,VIEW: SELECT * FROM test LIMIT 100
2026/03/24 20:58:47  KEYS error Error getting primary key column: sql: no rows in result set
2026/03/24 20:58:47 dbName: v1
2026/03/24 20:58:47 tableName: test
2026/03/24 20:58:47 Query: 
	SELECT COLUMN_NAME
	FROM INFORMATION_SCHEMA.COLUMNS
	WHERE TABLE_SCHEMA = ?
	  AND TABLE_NAME = ?
	  AND COLUMN_KEY = 'PRI'
	LIMIT 1
	
2026/03/24 20:58:47 PrimaryKey: 
2026/03/24 20:58:47 Error: sql: no rows in result set
2026/03/24 20:58:47 tableName: test
2026/03/24 20:58:47 dbName: v1
2026/03/24 20:58:47 Error getting primary key column: sql: no rows in result set
2026/03/24 21:01:32 queryAllStructure: 
						SELECT table_name AS name, 'TABLE' AS type 
						FROM information_schema.tables 
						WHERE table_schema = 'v1' AND table_type = 'BASE TABLE'

						UNION ALL

						SELECT table_name AS name, 'VIEW' AS type 
						FROM information_schema.tables 
						WHERE table_schema = 'v1' AND table_type = 'VIEW'

						UNION ALL

						SELECT routine_name AS name, 'PROCEDURE' AS type 
						FROM information_schema.routines 
						WHERE routine_schema = 'v1' AND routine_type = 'PROCEDURE'

						UNION ALL

						SELECT routine_name AS name, 'FUNCTION' AS type 
						FROM information_schema.routines 
						WHERE routine_schema = 'v1' AND routine_type = 'FUNCTION'

						UNION ALL

						SELECT trigger_name AS name, 'TRIGGER' AS type 
						FROM information_schema.triggers 
						WHERE trigger_schema = 'v1'

						UNION ALL

						SELECT event_name AS name, 'EVENT' AS type 
						FROM information_schema.events 
						WHERE event_schema = 'v1';
2026/03/24 21:01:33 TABLE,VIEW: SELECT * FROM test LIMIT 100
2026/03/24 21:01:33  KEYS error Error getting primary key column: sql: no rows in result set
2026/03/24 21:01:33 dbName: v1
2026/03/24 21:01:33 tableName: test
2026/03/24 21:01:33 Query: 
	SELECT COLUMN_NAME
	FROM INFORMATION_SCHEMA.COLUMNS
	WHERE TABLE_SCHEMA = ?
	  AND TABLE_NAME = ?
	  AND COLUMN_KEY = 'PRI'
	LIMIT 1
	
2026/03/24 21:01:33 PrimaryKey: 
2026/03/24 21:01:33 Error: sql: no rows in result set
2026/03/24 21:01:33 tableName: test
2026/03/24 21:01:33 dbName: v1
2026/03/24 21:01:33 Error getting primary key column: sql: no rows in result set
2026/03/24 21:01:35 export finding path: export
2026/03/24 21:01:36 export finding path: export
2026/03/24 21:02:22 queryAllStructure: 
						SELECT table_name AS name, 'TABLE' AS type 
						FROM information_schema.tables 
						WHERE table_schema = 'v1' AND table_type = 'BASE TABLE'

						UNION ALL

						SELECT table_name AS name, 'VIEW' AS type 
						FROM information_schema.tables 
						WHERE table_schema = 'v1' AND table_type = 'VIEW'

						UNION ALL

						SELECT routine_name AS name, 'PROCEDURE' AS type 
						FROM information_schema.routines 
						WHERE routine_schema = 'v1' AND routine_type = 'PROCEDURE'

						UNION ALL

						SELECT routine_name AS name, 'FUNCTION' AS type 
						FROM information_schema.routines 
						WHERE routine_schema = 'v1' AND routine_type = 'FUNCTION'

						UNION ALL

						SELECT trigger_name AS name, 'TRIGGER' AS type 
						FROM information_schema.triggers 
						WHERE trigger_schema = 'v1'

						UNION ALL

						SELECT event_name AS name, 'EVENT' AS type 
						FROM information_schema.events 
						WHERE event_schema = 'v1';
2026/03/24 21:02:37 TABLE,VIEW: SELECT * FROM test LIMIT 100
2026/03/24 21:02:37  KEYS error Error getting primary key column: sql: no rows in result set
2026/03/24 21:02:37 dbName: v1
2026/03/24 21:02:37 tableName: test
2026/03/24 21:02:37 Query: 
	SELECT COLUMN_NAME
	FROM INFORMATION_SCHEMA.COLUMNS
	WHERE TABLE_SCHEMA = ?
	  AND TABLE_NAME = ?
	  AND COLUMN_KEY = 'PRI'
	LIMIT 1
	
2026/03/24 21:02:37 PrimaryKey: 
2026/03/24 21:02:37 Error: sql: no rows in result set
2026/03/24 21:02:37 tableName: test
2026/03/24 21:02:37 dbName: v1
2026/03/24 21:02:37 Error getting primary key column: sql: no rows in result set
2026/03/24 21:02:38 export finding path: export
2026/03/24 21:03:08 queryAllStructure: 
						SELECT table_name AS name, 'TABLE' AS type 
						FROM information_schema.tables 
						WHERE table_schema = 'v1' AND table_type = 'BASE TABLE'

						UNION ALL

						SELECT table_name AS name, 'VIEW' AS type 
						FROM information_schema.tables 
						WHERE table_schema = 'v1' AND table_type = 'VIEW'

						UNION ALL

						SELECT routine_name AS name, 'PROCEDURE' AS type 
						FROM information_schema.routines 
						WHERE routine_schema = 'v1' AND routine_type = 'PROCEDURE'

						UNION ALL

						SELECT routine_name AS name, 'FUNCTION' AS type 
						FROM information_schema.routines 
						WHERE routine_schema = 'v1' AND routine_type = 'FUNCTION'

						UNION ALL

						SELECT trigger_name AS name, 'TRIGGER' AS type 
						FROM information_schema.triggers 
						WHERE trigger_schema = 'v1'

						UNION ALL

						SELECT event_name AS name, 'EVENT' AS type 
						FROM information_schema.events 
						WHERE event_schema = 'v1';
2026/03/24 21:03:08 TABLE,VIEW: SELECT * FROM test LIMIT 100
2026/03/24 21:03:08  KEYS error Error getting primary key column: sql: no rows in result set
2026/03/24 21:03:08 dbName: v1
2026/03/24 21:03:08 tableName: test
2026/03/24 21:03:08 Query: 
	SELECT COLUMN_NAME
	FROM INFORMATION_SCHEMA.COLUMNS
	WHERE TABLE_SCHEMA = ?
	  AND TABLE_NAME = ?
	  AND COLUMN_KEY = 'PRI'
	LIMIT 1
	
2026/03/24 21:03:08 PrimaryKey: 
2026/03/24 21:03:08 Error: sql: no rows in result set
2026/03/24 21:03:08 tableName: test
2026/03/24 21:03:08 dbName: v1
2026/03/24 21:03:08 Error getting primary key column: sql: no rows in result set
2026/03/24 21:03:10 export finding path: export
2026/03/24 21:03:12 export finding path: export
2026/03/24 21:03:12 export finding path: export
2026/03/24 21:06:37 queryAllStructure: 
						SELECT table_name AS name, 'TABLE' AS type 
						FROM information_schema.tables 
						WHERE table_schema = 'v1' AND table_type = 'BASE TABLE'

						UNION ALL

						SELECT table_name AS name, 'VIEW' AS type 
						FROM information_schema.tables 
						WHERE table_schema = 'v1' AND table_type = 'VIEW'

						UNION ALL

						SELECT routine_name AS name, 'PROCEDURE' AS type 
						FROM information_schema.routines 
						WHERE routine_schema = 'v1' AND routine_type = 'PROCEDURE'

						UNION ALL

						SELECT routine_name AS name, 'FUNCTION' AS type 
						FROM information_schema.routines 
						WHERE routine_schema = 'v1' AND routine_type = 'FUNCTION'

						UNION ALL

						SELECT trigger_name AS name, 'TRIGGER' AS type 
						FROM information_schema.triggers 
						WHERE trigger_schema = 'v1'

						UNION ALL

						SELECT event_name AS name, 'EVENT' AS type 
						FROM information_schema.events 
						WHERE event_schema = 'v1';
2026/03/24 21:06:39 TABLE,VIEW: SELECT * FROM test LIMIT 100
2026/03/24 21:06:39  KEYS error Error getting primary key column: sql: no rows in result set
2026/03/24 21:06:39 dbName: v1
2026/03/24 21:06:39 tableName: test
2026/03/24 21:06:39 Query: 
	SELECT COLUMN_NAME
	FROM INFORMATION_SCHEMA.COLUMNS
	WHERE TABLE_SCHEMA = ?
	  AND TABLE_NAME = ?
	  AND COLUMN_KEY = 'PRI'
	LIMIT 1
	
2026/03/24 21:06:39 PrimaryKey: 
2026/03/24 21:06:39 Error: sql: no rows in result set
2026/03/24 21:06:39 tableName: test
2026/03/24 21:06:39 dbName: v1
2026/03/24 21:06:39 Error getting primary key column: sql: no rows in result set
2026/03/24 21:06:41 Looking for export folders at: export
2026/03/24 21:06:41 Found 2 entries in export folder
2026/03/24 21:06:41 Checking folder: 2026-03-24_022117
2026/03/24 21:06:41 Checking for database folder at: export/2026-03-24_022117/v1
2026/03/24 21:06:41 Database folder not found: stat export/2026-03-24_022117/v1: no such file or directory
2026/03/24 21:06:41 Checking folder: 2026-03-24_205538
2026/03/24 21:06:41 Checking for database folder at: export/2026-03-24_205538/v1
2026/03/24 21:06:41 Found valid export folder: export/2026-03-24_205538
2026/03/24 21:06:41 Total valid export folders found: 1
2026/03/24 21:06:46 Looking for export folders at: export
2026/03/24 21:06:46 Found 2 entries in export folder
2026/03/24 21:06:46 Checking folder: 2026-03-24_022117
2026/03/24 21:06:46 Checking for database folder at: export/2026-03-24_022117/v1
2026/03/24 21:06:46 Database folder not found: stat export/2026-03-24_022117/v1: no such file or directory
2026/03/24 21:06:46 Checking folder: 2026-03-24_205538
2026/03/24 21:06:46 Checking for database folder at: export/2026-03-24_205538/v1
2026/03/24 21:06:46 Found valid export folder: export/2026-03-24_205538
2026/03/24 21:06:46 Total valid export folders found: 1
2026/03/24 21:06:54 Looking for export folders at: export
2026/03/24 21:06:54 Found 2 entries in export folder
2026/03/24 21:06:54 Checking folder: 2026-03-24_022117
2026/03/24 21:06:54 Checking for database folder at: export/2026-03-24_022117/v1
2026/03/24 21:06:54 Database folder not found: stat export/2026-03-24_022117/v1: no such file or directory
2026/03/24 21:06:54 Checking folder: 2026-03-24_205538
2026/03/24 21:06:54 Checking for database folder at: export/2026-03-24_205538/v1
2026/03/24 21:06:54 Found valid export folder: export/2026-03-24_205538
2026/03/24 21:06:54 Total valid export folders found: 1
2026/03/24 21:07:05 Looking for export folders at: export
2026/03/24 21:07:05 Found 2 entries in export folder
2026/03/24 21:07:05 Checking folder: 2026-03-24_022117
2026/03/24 21:07:05 Checking for database folder at: export/2026-03-24_022117/v1
2026/03/24 21:07:05 Database folder not found: stat export/2026-03-24_022117/v1: no such file or directory
2026/03/24 21:07:05 Checking folder: 2026-03-24_205538
2026/03/24 21:07:05 Checking for database folder at: export/2026-03-24_205538/v1
2026/03/24 21:07:05 Found valid export folder: export/2026-03-24_205538
2026/03/24 21:07:05 Total valid export folders found: 1
2026/03/24 21:07:17 Looking for export folders at: export
2026/03/24 21:07:17 Found 2 entries in export folder
2026/03/24 21:07:17 Checking folder: 2026-03-24_022117
2026/03/24 21:07:17 Checking for database folder at: export/2026-03-24_022117/v1
2026/03/24 21:07:17 Database folder not found: stat export/2026-03-24_022117/v1: no such file or directory
2026/03/24 21:07:17 Checking folder: 2026-03-24_205538
2026/03/24 21:07:17 Checking for database folder at: export/2026-03-24_205538/v1
2026/03/24 21:07:17 Found valid export folder: export/2026-03-24_205538
2026/03/24 21:07:17 Total valid export folders found: 1
2026/03/24 21:07:27 Looking for export folders at: export
2026/03/24 21:07:27 Found 2 entries in export folder
2026/03/24 21:07:27 Checking folder: 2026-03-24_022117
2026/03/24 21:07:27 Checking for database folder at: export/2026-03-24_022117/v1
2026/03/24 21:07:27 Database folder not found: stat export/2026-03-24_022117/v1: no such file or directory
2026/03/24 21:07:27 Checking folder: 2026-03-24_205538
2026/03/24 21:07:27 Checking for database folder at: export/2026-03-24_205538/v1
2026/03/24 21:07:27 Found valid export folder: export/2026-03-24_205538
2026/03/24 21:07:27 Total valid export folders found: 1
2026/03/24 21:07:28 Looking for export folders at: export
2026/03/24 21:07:28 Found 2 entries in export folder
2026/03/24 21:07:28 Checking folder: 2026-03-24_022117
2026/03/24 21:07:28 Checking for database folder at: export/2026-03-24_022117/v1
2026/03/24 21:07:28 Database folder not found: stat export/2026-03-24_022117/v1: no such file or directory
2026/03/24 21:07:28 Checking folder: 2026-03-24_205538
2026/03/24 21:07:28 Checking for database folder at: export/2026-03-24_205538/v1
2026/03/24 21:07:28 Found valid export folder: export/2026-03-24_205538
2026/03/24 21:07:28 Total valid export folders found: 1
2026/03/24 21:07:28 Looking for export folders at: export
2026/03/24 21:07:28 Found 2 entries in export folder
2026/03/24 21:07:28 Checking folder: 2026-03-24_022117
2026/03/24 21:07:28 Checking for database folder at: export/2026-03-24_022117/v1
2026/03/24 21:07:28 Database folder not found: stat export/2026-03-24_022117/v1: no such file or directory
2026/03/24 21:07:28 Checking folder: 2026-03-24_205538
2026/03/24 21:07:28 Checking for database folder at: export/2026-03-24_205538/v1
2026/03/24 21:07:28 Found valid export folder: export/2026-03-24_205538
2026/03/24 21:07:28 Total valid export folders found: 1
2026/03/24 21:07:50 Looking for export folders at: export
2026/03/24 21:07:50 Found 2 entries in export folder
2026/03/24 21:07:50 Checking folder: 2026-03-24_022117
2026/03/24 21:07:50 Checking for database folder at: export/2026-03-24_022117/v1
2026/03/24 21:07:50 Database folder not found: stat export/2026-03-24_022117/v1: no such file or directory
2026/03/24 21:07:50 Checking folder: 2026-03-24_205538
2026/03/24 21:07:50 Checking for database folder at: export/2026-03-24_205538/v1
2026/03/24 21:07:50 Found valid export folder: export/2026-03-24_205538
2026/03/24 21:07:50 Total valid export folders found: 1
2026/03/24 21:07:51 Looking for export folders at: export
2026/03/24 21:07:51 Found 2 entries in export folder
2026/03/24 21:07:51 Checking folder: 2026-03-24_022117
2026/03/24 21:07:51 Checking for database folder at: export/2026-03-24_022117/v1
2026/03/24 21:07:51 Database folder not found: stat export/2026-03-24_022117/v1: no such file or directory
2026/03/24 21:07:51 Checking folder: 2026-03-24_205538
2026/03/24 21:07:51 Checking for database folder at: export/2026-03-24_205538/v1
2026/03/24 21:07:51 Found valid export folder: export/2026-03-24_205538
2026/03/24 21:07:51 Total valid export folders found: 1
2026/03/24 21:07:51 Looking for export folders at: export
2026/03/24 21:07:51 Found 2 entries in export folder
2026/03/24 21:07:51 Checking folder: 2026-03-24_022117
2026/03/24 21:07:51 Checking for database folder at: export/2026-03-24_022117/v1
2026/03/24 21:07:51 Database folder not found: stat export/2026-03-24_022117/v1: no such file or directory
2026/03/24 21:07:51 Checking folder: 2026-03-24_205538
2026/03/24 21:07:51 Checking for database folder at: export/2026-03-24_205538/v1
2026/03/24 21:07:51 Found valid export folder: export/2026-03-24_205538
2026/03/24 21:07:51 Total valid export folders found: 1
2026/03/24 21:07:52 Looking for export folders at: export
2026/03/24 21:07:52 Found 2 entries in export folder
2026/03/24 21:07:52 Checking folder: 2026-03-24_022117
2026/03/24 21:07:52 Checking for database folder at: export/2026-03-24_022117/v1
2026/03/24 21:07:52 Database folder not found: stat export/2026-03-24_022117/v1: no such file or directory
2026/03/24 21:07:52 Checking folder: 2026-03-24_205538
2026/03/24 21:07:52 Checking for database folder at: export/2026-03-24_205538/v1
2026/03/24 21:07:52 Found valid export folder: export/2026-03-24_205538
2026/03/24 21:07:52 Total valid export folders found: 1
2026/03/24 21:09:01 Looking for export folders at: export
2026/03/24 21:09:01 Found 2 entries in export folder
2026/03/24 21:09:01 Checking folder: 2026-03-24_022117
2026/03/24 21:09:01 Checking for database folder at: export/2026-03-24_022117/v1
2026/03/24 21:09:01 Database folder not found: stat export/2026-03-24_022117/v1: no such file or directory
2026/03/24 21:09:01 Checking folder: 2026-03-24_205538
2026/03/24 21:09:01 Checking for database folder at: export/2026-03-24_205538/v1
2026/03/24 21:09:01 Found valid export folder: export/2026-03-24_205538
2026/03/24 21:09:01 Total valid export folders found: 1
2026/03/24 21:09:23 Looking for export folders at: export
2026/03/24 21:09:23 Found 2 entries in export folder
2026/03/24 21:09:23 Checking folder: 2026-03-24_022117
2026/03/24 21:09:23 Checking for database folder at: export/2026-03-24_022117/v1
2026/03/24 21:09:23 Database folder not found: stat export/2026-03-24_022117/v1: no such file or directory
2026/03/24 21:09:23 Checking folder: 2026-03-24_205538
2026/03/24 21:09:23 Checking for database folder at: export/2026-03-24_205538/v1
2026/03/24 21:09:23 Found valid export folder: export/2026-03-24_205538
2026/03/24 21:09:23 Total valid export folders found: 1
2026/03/24 21:09:25 TABLE,VIEW: SELECT * FROM test LIMIT 100
2026/03/24 21:09:25  KEYS error Error getting primary key column: sql: no rows in result set
2026/03/24 21:09:25 dbName: v1
2026/03/24 21:09:25 tableName: test
2026/03/24 21:09:25 Query: 
	SELECT COLUMN_NAME
	FROM INFORMATION_SCHEMA.COLUMNS
	WHERE TABLE_SCHEMA = ?
	  AND TABLE_NAME = ?
	  AND COLUMN_KEY = 'PRI'
	LIMIT 1
	
2026/03/24 21:09:25 PrimaryKey: 
2026/03/24 21:09:25 Error: sql: no rows in result set
2026/03/24 21:09:25 tableName: test
2026/03/24 21:09:25 dbName: v1
2026/03/24 21:09:25 Error getting primary key column: sql: no rows in result set
2026/03/24 21:09:26 Looking for export folders at: export
2026/03/24 21:09:26 Found 2 entries in export folder
2026/03/24 21:09:26 Checking folder: 2026-03-24_022117
2026/03/24 21:09:26 Checking for database folder at: export/2026-03-24_022117/v1
2026/03/24 21:09:26 Database folder not found: stat export/2026-03-24_022117/v1: no such file or directory
2026/03/24 21:09:26 Checking folder: 2026-03-24_205538
2026/03/24 21:09:26 Checking for database folder at: export/2026-03-24_205538/v1
2026/03/24 21:09:26 Found valid export folder: export/2026-03-24_205538
2026/03/24 21:09:26 Total valid export folders found: 1
2026/03/24 21:11:44 queryAllStructure: 
						SELECT table_name AS name, 'TABLE' AS type 
						FROM information_schema.tables 
						WHERE table_schema = 'v1' AND table_type = 'BASE TABLE'

						UNION ALL

						SELECT table_name AS name, 'VIEW' AS type 
						FROM information_schema.tables 
						WHERE table_schema = 'v1' AND table_type = 'VIEW'

						UNION ALL

						SELECT routine_name AS name, 'PROCEDURE' AS type 
						FROM information_schema.routines 
						WHERE routine_schema = 'v1' AND routine_type = 'PROCEDURE'

						UNION ALL

						SELECT routine_name AS name, 'FUNCTION' AS type 
						FROM information_schema.routines 
						WHERE routine_schema = 'v1' AND routine_type = 'FUNCTION'

						UNION ALL

						SELECT trigger_name AS name, 'TRIGGER' AS type 
						FROM information_schema.triggers 
						WHERE trigger_schema = 'v1'

						UNION ALL

						SELECT event_name AS name, 'EVENT' AS type 
						FROM information_schema.events 
						WHERE event_schema = 'v1';
2026/03/24 21:11:51 queryAllStructure: 
						SELECT table_name AS name, 'TABLE' AS type 
						FROM information_schema.tables 
						WHERE table_schema = 'db1' AND table_type = 'BASE TABLE'

						UNION ALL

						SELECT table_name AS name, 'VIEW' AS type 
						FROM information_schema.tables 
						WHERE table_schema = 'db1' AND table_type = 'VIEW'

						UNION ALL

						SELECT routine_name AS name, 'PROCEDURE' AS type 
						FROM information_schema.routines 
						WHERE routine_schema = 'db1' AND routine_type = 'PROCEDURE'

						UNION ALL

						SELECT routine_name AS name, 'FUNCTION' AS type 
						FROM information_schema.routines 
						WHERE routine_schema = 'db1' AND routine_type = 'FUNCTION'

						UNION ALL

						SELECT trigger_name AS name, 'TRIGGER' AS type 
						FROM information_schema.triggers 
						WHERE trigger_schema = 'db1'

						UNION ALL

						SELECT event_name AS name, 'EVENT' AS type 
						FROM information_schema.events 
						WHERE event_schema = 'db1';
2026/03/24 21:11:56 queryAllStructure: 
						SELECT table_name AS name, 'TABLE' AS type 
						FROM information_schema.tables 
						WHERE table_schema = 'v1' AND table_type = 'BASE TABLE'

						UNION ALL

						SELECT table_name AS name, 'VIEW' AS type 
						FROM information_schema.tables 
						WHERE table_schema = 'v1' AND table_type = 'VIEW'

						UNION ALL

						SELECT routine_name AS name, 'PROCEDURE' AS type 
						FROM information_schema.routines 
						WHERE routine_schema = 'v1' AND routine_type = 'PROCEDURE'

						UNION ALL

						SELECT routine_name AS name, 'FUNCTION' AS type 
						FROM information_schema.routines 
						WHERE routine_schema = 'v1' AND routine_type = 'FUNCTION'

						UNION ALL

						SELECT trigger_name AS name, 'TRIGGER' AS type 
						FROM information_schema.triggers 
						WHERE trigger_schema = 'v1'

						UNION ALL

						SELECT event_name AS name, 'EVENT' AS type 
						FROM information_schema.events 
						WHERE event_schema = 'v1';
2026/03/24 21:11:57 TABLE,VIEW: SELECT * FROM test LIMIT 100
2026/03/24 21:11:57  KEYS error Error getting primary key column: sql: no rows in result set
2026/03/24 21:11:57 dbName: v1
2026/03/24 21:11:57 tableName: test
2026/03/24 21:11:57 Query: 
	SELECT COLUMN_NAME
	FROM INFORMATION_SCHEMA.COLUMNS
	WHERE TABLE_SCHEMA = ?
	  AND TABLE_NAME = ?
	  AND COLUMN_KEY = 'PRI'
	LIMIT 1
	
2026/03/24 21:11:57 PrimaryKey: 
2026/03/24 21:11:57 Error: sql: no rows in result set
2026/03/24 21:11:57 tableName: test
2026/03/24 21:11:57 dbName: v1
2026/03/24 21:11:57 Error getting primary key column: sql: no rows in result set
2026/03/24 21:11:58 Looking for export folders at: export
2026/03/24 21:11:58 Found 2 entries in export folder
2026/03/24 21:11:58 Checking folder: 2026-03-24_022117
2026/03/24 21:11:58 Checking for database folder at: export/2026-03-24_022117/v1
2026/03/24 21:11:58 Database folder not found: stat export/2026-03-24_022117/v1: no such file or directory
2026/03/24 21:11:58 Checking folder: 2026-03-24_205538
2026/03/24 21:11:58 Checking for database folder at: export/2026-03-24_205538/v1
2026/03/24 21:11:58 Found valid export folder: export/2026-03-24_205538
2026/03/24 21:11:58 Total valid export folders found: 1
2026/03/24 21:12:03 Looking for export folders at: export
2026/03/24 21:12:03 Found 2 entries in export folder
2026/03/24 21:12:03 Checking folder: 2026-03-24_022117
2026/03/24 21:12:03 Checking for database folder at: export/2026-03-24_022117/v1
2026/03/24 21:12:03 Database folder not found: stat export/2026-03-24_022117/v1: no such file or directory
2026/03/24 21:12:03 Checking folder: 2026-03-24_205538
2026/03/24 21:12:03 Checking for database folder at: export/2026-03-24_205538/v1
2026/03/24 21:12:03 Found valid export folder: export/2026-03-24_205538
2026/03/24 21:12:03 Total valid export folders found: 1
2026/03/24 21:12:04 Looking for export folders at: export
2026/03/24 21:12:04 Found 2 entries in export folder
2026/03/24 21:12:04 Checking folder: 2026-03-24_022117
2026/03/24 21:12:04 Checking for database folder at: export/2026-03-24_022117/v1
2026/03/24 21:12:04 Database folder not found: stat export/2026-03-24_022117/v1: no such file or directory
2026/03/24 21:12:04 Checking folder: 2026-03-24_205538
2026/03/24 21:12:04 Checking for database folder at: export/2026-03-24_205538/v1
2026/03/24 21:12:04 Found valid export folder: export/2026-03-24_205538
2026/03/24 21:12:04 Total valid export folders found: 1
2026/03/24 21:12:12 Looking for export folders at: export
2026/03/24 21:12:12 Found 2 entries in export folder
2026/03/24 21:12:12 Checking folder: 2026-03-24_022117
2026/03/24 21:12:12 Checking for database folder at: export/2026-03-24_022117/v1
2026/03/24 21:12:12 Database folder not found: stat export/2026-03-24_022117/v1: no such file or directory
2026/03/24 21:12:12 Checking folder: 2026-03-24_205538
2026/03/24 21:12:12 Checking for database folder at: export/2026-03-24_205538/v1
2026/03/24 21:12:12 Found valid export folder: export/2026-03-24_205538
2026/03/24 21:12:12 Total valid export folders found: 1
2026/03/24 21:12:13 Looking for export folders at: export
2026/03/24 21:12:13 Found 2 entries in export folder
2026/03/24 21:12:13 Checking folder: 2026-03-24_022117
2026/03/24 21:12:13 Checking for database folder at: export/2026-03-24_022117/v1
2026/03/24 21:12:13 Database folder not found: stat export/2026-03-24_022117/v1: no such file or directory
2026/03/24 21:12:13 Checking folder: 2026-03-24_205538
2026/03/24 21:12:13 Checking for database folder at: export/2026-03-24_205538/v1
2026/03/24 21:12:13 Found valid export folder: export/2026-03-24_205538
2026/03/24 21:12:13 Total valid export folders found: 1
2026/03/24 21:12:13 Looking for export folders at: export
2026/03/24 21:12:13 Found 2 entries in export folder
2026/03/24 21:12:13 Checking folder: 2026-03-24_022117
2026/03/24 21:12:13 Checking for database folder at: export/2026-03-24_022117/v1
2026/03/24 21:12:13 Database folder not found: stat export/2026-03-24_022117/v1: no such file or directory
2026/03/24 21:12:13 Checking folder: 2026-03-24_205538
2026/03/24 21:12:13 Checking for database folder at: export/2026-03-24_205538/v1
2026/03/24 21:12:13 Found valid export folder: export/2026-03-24_205538
2026/03/24 21:12:13 Total valid export folders found: 1
2026/03/24 21:12:14 Looking for export folders at: export
2026/03/24 21:12:14 Found 2 entries in export folder
2026/03/24 21:12:14 Checking folder: 2026-03-24_022117
2026/03/24 21:12:14 Checking for database folder at: export/2026-03-24_022117/v1
2026/03/24 21:12:14 Database folder not found: stat export/2026-03-24_022117/v1: no such file or directory
2026/03/24 21:12:14 Checking folder: 2026-03-24_205538
2026/03/24 21:12:14 Checking for database folder at: export/2026-03-24_205538/v1
2026/03/24 21:12:14 Found valid export folder: export/2026-03-24_205538
2026/03/24 21:12:14 Total valid export folders found: 1
2026/03/24 21:12:15 Looking for export folders at: export
2026/03/24 21:12:15 Found 2 entries in export folder
2026/03/24 21:12:15 Checking folder: 2026-03-24_022117
2026/03/24 21:12:15 Checking for database folder at: export/2026-03-24_022117/v1
2026/03/24 21:12:15 Database folder not found: stat export/2026-03-24_022117/v1: no such file or directory
2026/03/24 21:12:15 Checking folder: 2026-03-24_205538
2026/03/24 21:12:15 Checking for database folder at: export/2026-03-24_205538/v1
2026/03/24 21:12:15 Found valid export folder: export/2026-03-24_205538
2026/03/24 21:12:15 Total valid export folders found: 1
2026/03/24 21:12:15 Looking for export folders at: export
2026/03/24 21:12:15 Found 2 entries in export folder
2026/03/24 21:12:15 Checking folder: 2026-03-24_022117
2026/03/24 21:12:15 Checking for database folder at: export/2026-03-24_022117/v1
2026/03/24 21:12:15 Database folder not found: stat export/2026-03-24_022117/v1: no such file or directory
2026/03/24 21:12:15 Checking folder: 2026-03-24_205538
2026/03/24 21:12:15 Checking for database folder at: export/2026-03-24_205538/v1
2026/03/24 21:12:15 Found valid export folder: export/2026-03-24_205538
2026/03/24 21:12:15 Total valid export folders found: 1
2026/03/24 21:12:17 Looking for export folders at: export
2026/03/24 21:12:17 Found 2 entries in export folder
2026/03/24 21:12:17 Checking folder: 2026-03-24_022117
2026/03/24 21:12:17 Checking for database folder at: export/2026-03-24_022117/v1
2026/03/24 21:12:17 Database folder not found: stat export/2026-03-24_022117/v1: no such file or directory
2026/03/24 21:12:17 Checking folder: 2026-03-24_205538
2026/03/24 21:12:17 Checking for database folder at: export/2026-03-24_205538/v1
2026/03/24 21:12:17 Found valid export folder: export/2026-03-24_205538
2026/03/24 21:12:17 Total valid export folders found: 1
2026/03/24 21:12:19 TABLE,VIEW: SELECT * FROM test LIMIT 100
2026/03/24 21:12:19  KEYS error Error getting primary key column: sql: no rows in result set
2026/03/24 21:12:19 dbName: v1
2026/03/24 21:12:19 tableName: test
2026/03/24 21:12:19 Query: 
	SELECT COLUMN_NAME
	FROM INFORMATION_SCHEMA.COLUMNS
	WHERE TABLE_SCHEMA = ?
	  AND TABLE_NAME = ?
	  AND COLUMN_KEY = 'PRI'
	LIMIT 1
	
2026/03/24 21:12:19 PrimaryKey: 
2026/03/24 21:12:19 Error: sql: no rows in result set
2026/03/24 21:12:19 tableName: test
2026/03/24 21:12:19 dbName: v1
2026/03/24 21:12:19 Error getting primary key column: sql: no rows in result set
2026/03/24 21:12:21 Looking for export folders at: export
2026/03/24 21:12:21 Found 2 entries in export folder
2026/03/24 21:12:21 Checking folder: 2026-03-24_022117
2026/03/24 21:12:21 Checking for database folder at: export/2026-03-24_022117/v1
2026/03/24 21:12:21 Database folder not found: stat export/2026-03-24_022117/v1: no such file or directory
2026/03/24 21:12:21 Checking folder: 2026-03-24_205538
2026/03/24 21:12:21 Checking for database folder at: export/2026-03-24_205538/v1
2026/03/24 21:12:21 Found valid export folder: export/2026-03-24_205538
2026/03/24 21:12:21 Total valid export folders found: 1
2026/03/24 21:12:30 Looking for export folders at: export
2026/03/24 21:12:30 Found 2 entries in export folder
2026/03/24 21:12:30 Checking folder: 2026-03-24_022117
2026/03/24 21:12:30 Checking for database folder at: export/2026-03-24_022117/v1
2026/03/24 21:12:30 Database folder not found: stat export/2026-03-24_022117/v1: no such file or directory
2026/03/24 21:12:30 Checking folder: 2026-03-24_205538
2026/03/24 21:12:30 Checking for database folder at: export/2026-03-24_205538/v1
2026/03/24 21:12:30 Found valid export folder: export/2026-03-24_205538
2026/03/24 21:12:30 Total valid export folders found: 1
2026/03/24 21:12:32 Looking for export folders at: export
2026/03/24 21:12:32 Found 2 entries in export folder
2026/03/24 21:12:32 Checking folder: 2026-03-24_022117
2026/03/24 21:12:32 Checking for database folder at: export/2026-03-24_022117/v1
2026/03/24 21:12:32 Database folder not found: stat export/2026-03-24_022117/v1: no such file or directory
2026/03/24 21:12:32 Checking folder: 2026-03-24_205538
2026/03/24 21:12:32 Checking for database folder at: export/2026-03-24_205538/v1
2026/03/24 21:12:32 Found valid export folder: export/2026-03-24_205538
2026/03/24 21:12:32 Total valid export folders found: 1
2026/03/24 21:12:33 Looking for export folders at: export
2026/03/24 21:12:33 Found 2 entries in export folder
2026/03/24 21:12:33 Checking folder: 2026-03-24_022117
2026/03/24 21:12:33 Checking for database folder at: export/2026-03-24_022117/v1
2026/03/24 21:12:33 Database folder not found: stat export/2026-03-24_022117/v1: no such file or directory
2026/03/24 21:12:33 Checking folder: 2026-03-24_205538
2026/03/24 21:12:33 Checking for database folder at: export/2026-03-24_205538/v1
2026/03/24 21:12:33 Found valid export folder: export/2026-03-24_205538
2026/03/24 21:12:33 Total valid export folders found: 1
2026/03/24 21:19:50 queryAllStructure: 
						SELECT table_name AS name, 'TABLE' AS type 
						FROM information_schema.tables 
						WHERE table_schema = 'v1' AND table_type = 'BASE TABLE'

						UNION ALL

						SELECT table_name AS name, 'VIEW' AS type 
						FROM information_schema.tables 
						WHERE table_schema = 'v1' AND table_type = 'VIEW'

						UNION ALL

						SELECT routine_name AS name, 'PROCEDURE' AS type 
						FROM information_schema.routines 
						WHERE routine_schema = 'v1' AND routine_type = 'PROCEDURE'

						UNION ALL

						SELECT routine_name AS name, 'FUNCTION' AS type 
						FROM information_schema.routines 
						WHERE routine_schema = 'v1' AND routine_type = 'FUNCTION'

						UNION ALL

						SELECT trigger_name AS name, 'TRIGGER' AS type 
						FROM information_schema.triggers 
						WHERE trigger_schema = 'v1'

						UNION ALL

						SELECT event_name AS name, 'EVENT' AS type 
						FROM information_schema.events 
						WHERE event_schema = 'v1';
2026/03/24 21:19:52 TABLE,VIEW: SELECT * FROM test LIMIT 100
2026/03/24 21:19:52  KEYS error Error getting primary key column: sql: no rows in result set
2026/03/24 21:19:52 dbName: v1
2026/03/24 21:19:52 tableName: test
2026/03/24 21:19:52 Query: 
	SELECT COLUMN_NAME
	FROM INFORMATION_SCHEMA.COLUMNS
	WHERE TABLE_SCHEMA = ?
	  AND TABLE_NAME = ?
	  AND COLUMN_KEY = 'PRI'
	LIMIT 1
	
2026/03/24 21:19:52 PrimaryKey: 
2026/03/24 21:19:52 Error: sql: no rows in result set
2026/03/24 21:19:52 tableName: test
2026/03/24 21:19:52 dbName: v1
2026/03/24 21:19:52 Error getting primary key column: sql: no rows in result set
2026/03/24 21:19:53 Looking for export folders at: export
2026/03/24 21:19:53 Found 2 entries in export folder
2026/03/24 21:19:53 Checking folder: 2026-03-24_022117
2026/03/24 21:19:53 Checking for database folder at: export/2026-03-24_022117/v1
2026/03/24 21:19:53 Database folder not found: stat export/2026-03-24_022117/v1: no such file or directory
2026/03/24 21:19:53 Checking folder: 2026-03-24_205538
2026/03/24 21:19:53 Checking for database folder at: export/2026-03-24_205538/v1
2026/03/24 21:19:53 Found valid export folder: export/2026-03-24_205538
2026/03/24 21:19:53 Total valid export folders found: 1
2026/03/24 21:19:55 Looking for export folders at: export
2026/03/24 21:19:55 Found 2 entries in export folder
2026/03/24 21:19:55 Checking folder: 2026-03-24_022117
2026/03/24 21:19:55 Checking for database folder at: export/2026-03-24_022117/v1
2026/03/24 21:19:55 Database folder not found: stat export/2026-03-24_022117/v1: no such file or directory
2026/03/24 21:19:55 Checking folder: 2026-03-24_205538
2026/03/24 21:19:55 Checking for database folder at: export/2026-03-24_205538/v1
2026/03/24 21:19:55 Found valid export folder: export/2026-03-24_205538
2026/03/24 21:19:55 Total valid export folders found: 1
2026/03/24 21:19:57 Looking for export folders at: export
2026/03/24 21:19:57 Found 2 entries in export folder
2026/03/24 21:19:57 Checking folder: 2026-03-24_022117
2026/03/24 21:19:57 Checking for database folder at: export/2026-03-24_022117/v1
2026/03/24 21:19:57 Database folder not found: stat export/2026-03-24_022117/v1: no such file or directory
2026/03/24 21:19:57 Checking folder: 2026-03-24_205538
2026/03/24 21:19:57 Checking for database folder at: export/2026-03-24_205538/v1
2026/03/24 21:19:57 Found valid export folder: export/2026-03-24_205538
2026/03/24 21:19:57 Total valid export folders found: 1
2026/03/24 21:20:01 Looking for export folders at: export
2026/03/24 21:20:01 Found 2 entries in export folder
2026/03/24 21:20:01 Checking folder: 2026-03-24_022117
2026/03/24 21:20:01 Checking for database folder at: export/2026-03-24_022117/v1
2026/03/24 21:20:01 Database folder not found: stat export/2026-03-24_022117/v1: no such file or directory
2026/03/24 21:20:01 Checking folder: 2026-03-24_205538
2026/03/24 21:20:01 Checking for database folder at: export/2026-03-24_205538/v1
2026/03/24 21:20:01 Found valid export folder: export/2026-03-24_205538
2026/03/24 21:20:01 Total valid export folders found: 1
2026/03/24 21:20:01 Looking for export folders at: export
2026/03/24 21:20:01 Found 2 entries in export folder
2026/03/24 21:20:01 Checking folder: 2026-03-24_022117
2026/03/24 21:20:01 Checking for database folder at: export/2026-03-24_022117/v1
2026/03/24 21:20:01 Database folder not found: stat export/2026-03-24_022117/v1: no such file or directory
2026/03/24 21:20:01 Checking folder: 2026-03-24_205538
2026/03/24 21:20:01 Checking for database folder at: export/2026-03-24_205538/v1
2026/03/24 21:20:01 Found valid export folder: export/2026-03-24_205538
2026/03/24 21:20:01 Total valid export folders found: 1
2026/03/24 21:20:10 Looking for export folders at: export
2026/03/24 21:20:10 Found 2 entries in export folder
2026/03/24 21:20:10 Checking folder: 2026-03-24_022117
2026/03/24 21:20:10 Checking for database folder at: export/2026-03-24_022117/v1
2026/03/24 21:20:10 Database folder not found: stat export/2026-03-24_022117/v1: no such file or directory
2026/03/24 21:20:10 Checking folder: 2026-03-24_205538
2026/03/24 21:20:10 Checking for database folder at: export/2026-03-24_205538/v1
2026/03/24 21:20:10 Found valid export folder: export/2026-03-24_205538
2026/03/24 21:20:10 Total valid export folders found: 1
2026/03/24 21:20:10 Looking for export folders at: export
2026/03/24 21:20:10 Found 2 entries in export folder
2026/03/24 21:20:10 Checking folder: 2026-03-24_022117
2026/03/24 21:20:10 Checking for database folder at: export/2026-03-24_022117/v1
2026/03/24 21:20:10 Database folder not found: stat export/2026-03-24_022117/v1: no such file or directory
2026/03/24 21:20:10 Checking folder: 2026-03-24_205538
2026/03/24 21:20:10 Checking for database folder at: export/2026-03-24_205538/v1
2026/03/24 21:20:10 Found valid export folder: export/2026-03-24_205538
2026/03/24 21:20:10 Total valid export folders found: 1
2026/03/24 21:20:20 Looking for export folders at: export
2026/03/24 21:20:20 Found 2 entries in export folder
2026/03/24 21:20:20 Checking folder: 2026-03-24_022117
2026/03/24 21:20:20 Checking for database folder at: export/2026-03-24_022117/v1
2026/03/24 21:20:20 Database folder not found: stat export/2026-03-24_022117/v1: no such file or directory
2026/03/24 21:20:20 Checking folder: 2026-03-24_205538
2026/03/24 21:20:20 Checking for database folder at: export/2026-03-24_205538/v1
2026/03/24 21:20:20 Found valid export folder: export/2026-03-24_205538
2026/03/24 21:20:20 Total valid export folders found: 1
2026/03/24 21:23:28 queryAllStructure: 
						SELECT table_name AS name, 'TABLE' AS type 
						FROM information_schema.tables 
						WHERE table_schema = 'todo_app_mysql' AND table_type = 'BASE TABLE'

						UNION ALL

						SELECT table_name AS name, 'VIEW' AS type 
						FROM information_schema.tables 
						WHERE table_schema = 'todo_app_mysql' AND table_type = 'VIEW'

						UNION ALL

						SELECT routine_name AS name, 'PROCEDURE' AS type 
						FROM information_schema.routines 
						WHERE routine_schema = 'todo_app_mysql' AND routine_type = 'PROCEDURE'

						UNION ALL

						SELECT routine_name AS name, 'FUNCTION' AS type 
						FROM information_schema.routines 
						WHERE routine_schema = 'todo_app_mysql' AND routine_type = 'FUNCTION'

						UNION ALL

						SELECT trigger_name AS name, 'TRIGGER' AS type 
						FROM information_schema.triggers 
						WHERE trigger_schema = 'todo_app_mysql'

						UNION ALL

						SELECT event_name AS name, 'EVENT' AS type 
						FROM information_schema.events 
						WHERE event_schema = 'todo_app_mysql';
2026/03/24 21:23:33 queryAllStructure: 
						SELECT table_name AS name, 'TABLE' AS type 
						FROM information_schema.tables 
						WHERE table_schema = 'v1' AND table_type = 'BASE TABLE'

						UNION ALL

						SELECT table_name AS name, 'VIEW' AS type 
						FROM information_schema.tables 
						WHERE table_schema = 'v1' AND table_type = 'VIEW'

						UNION ALL

						SELECT routine_name AS name, 'PROCEDURE' AS type 
						FROM information_schema.routines 
						WHERE routine_schema = 'v1' AND routine_type = 'PROCEDURE'

						UNION ALL

						SELECT routine_name AS name, 'FUNCTION' AS type 
						FROM information_schema.routines 
						WHERE routine_schema = 'v1' AND routine_type = 'FUNCTION'

						UNION ALL

						SELECT trigger_name AS name, 'TRIGGER' AS type 
						FROM information_schema.triggers 
						WHERE trigger_schema = 'v1'

						UNION ALL

						SELECT event_name AS name, 'EVENT' AS type 
						FROM information_schema.events 
						WHERE event_schema = 'v1';
2026/03/24 21:23:33 TABLE,VIEW: SELECT * FROM test LIMIT 100
2026/03/24 21:23:33  KEYS error Error getting primary key column: sql: no rows in result set
2026/03/24 21:23:33 dbName: v1
2026/03/24 21:23:33 tableName: test
2026/03/24 21:23:33 Query: 
	SELECT COLUMN_NAME
	FROM INFORMATION_SCHEMA.COLUMNS
	WHERE TABLE_SCHEMA = ?
	  AND TABLE_NAME = ?
	  AND COLUMN_KEY = 'PRI'
	LIMIT 1
	
2026/03/24 21:23:33 PrimaryKey: 
2026/03/24 21:23:33 Error: sql: no rows in result set
2026/03/24 21:23:33 tableName: test
2026/03/24 21:23:33 dbName: v1
2026/03/24 21:23:33 Error getting primary key column: sql: no rows in result set
2026/03/24 21:23:34 Looking for export folders at: export
2026/03/24 21:23:34 Found 2 entries in export folder
2026/03/24 21:23:34 Checking folder: 2026-03-24_022117
2026/03/24 21:23:34 Checking for database folder at: export/2026-03-24_022117/v1
2026/03/24 21:23:34 Database folder not found: stat export/2026-03-24_022117/v1: no such file or directory
2026/03/24 21:23:34 Checking folder: 2026-03-24_205538
2026/03/24 21:23:34 Checking for database folder at: export/2026-03-24_205538/v1
2026/03/24 21:23:34 Found valid export folder: export/2026-03-24_205538
2026/03/24 21:23:34 Total valid export folders found: 1
2026/03/24 21:25:44 queryAllStructure: 
						SELECT table_name AS name, 'TABLE' AS type 
						FROM information_schema.tables 
						WHERE table_schema = 'v1' AND table_type = 'BASE TABLE'

						UNION ALL

						SELECT table_name AS name, 'VIEW' AS type 
						FROM information_schema.tables 
						WHERE table_schema = 'v1' AND table_type = 'VIEW'

						UNION ALL

						SELECT routine_name AS name, 'PROCEDURE' AS type 
						FROM information_schema.routines 
						WHERE routine_schema = 'v1' AND routine_type = 'PROCEDURE'

						UNION ALL

						SELECT routine_name AS name, 'FUNCTION' AS type 
						FROM information_schema.routines 
						WHERE routine_schema = 'v1' AND routine_type = 'FUNCTION'

						UNION ALL

						SELECT trigger_name AS name, 'TRIGGER' AS type 
						FROM information_schema.triggers 
						WHERE trigger_schema = 'v1'

						UNION ALL

						SELECT event_name AS name, 'EVENT' AS type 
						FROM information_schema.events 
						WHERE event_schema = 'v1';
2026/03/24 21:25:45 TABLE,VIEW: SELECT * FROM test LIMIT 100
2026/03/24 21:25:45  KEYS error Error getting primary key column: sql: no rows in result set
2026/03/24 21:25:45 dbName: v1
2026/03/24 21:25:45 tableName: test
2026/03/24 21:25:45 Query: 
	SELECT COLUMN_NAME
	FROM INFORMATION_SCHEMA.COLUMNS
	WHERE TABLE_SCHEMA = ?
	  AND TABLE_NAME = ?
	  AND COLUMN_KEY = 'PRI'
	LIMIT 1
	
2026/03/24 21:25:45 PrimaryKey: 
2026/03/24 21:25:45 Error: sql: no rows in result set
2026/03/24 21:25:45 tableName: test
2026/03/24 21:25:45 dbName: v1
2026/03/24 21:25:45 Error getting primary key column: sql: no rows in result set
2026/03/24 21:25:46 Looking for export folders at: export
2026/03/24 21:25:46 Found 2 entries in export folder
2026/03/24 21:25:46 Checking folder: 2026-03-24_022117
2026/03/24 21:25:46 Checking for database folder at: export/2026-03-24_022117/v1
2026/03/24 21:25:46 Database folder not found: stat export/2026-03-24_022117/v1: no such file or directory
2026/03/24 21:25:46 Checking folder: 2026-03-24_205538
2026/03/24 21:25:46 Checking for database folder at: export/2026-03-24_205538/v1
2026/03/24 21:25:46 Found valid export folder: export/2026-03-24_205538
2026/03/24 21:25:46 Total valid export folders found: 1
2026/03/24 21:25:48 Looking for export folders at: export
2026/03/24 21:25:48 Found 2 entries in export folder
2026/03/24 21:25:48 Checking folder: 2026-03-24_022117
2026/03/24 21:25:48 Checking for database folder at: export/2026-03-24_022117/v1
2026/03/24 21:25:48 Database folder not found: stat export/2026-03-24_022117/v1: no such file or directory
2026/03/24 21:25:48 Checking folder: 2026-03-24_205538
2026/03/24 21:25:48 Checking for database folder at: export/2026-03-24_205538/v1
2026/03/24 21:25:48 Found valid export folder: export/2026-03-24_205538
2026/03/24 21:25:48 Total valid export folders found: 1
2026/03/24 21:27:42 queryAllStructure: 
						SELECT table_name AS name, 'TABLE' AS type 
						FROM information_schema.tables 
						WHERE table_schema = 'v1' AND table_type = 'BASE TABLE'

						UNION ALL

						SELECT table_name AS name, 'VIEW' AS type 
						FROM information_schema.tables 
						WHERE table_schema = 'v1' AND table_type = 'VIEW'

						UNION ALL

						SELECT routine_name AS name, 'PROCEDURE' AS type 
						FROM information_schema.routines 
						WHERE routine_schema = 'v1' AND routine_type = 'PROCEDURE'

						UNION ALL

						SELECT routine_name AS name, 'FUNCTION' AS type 
						FROM information_schema.routines 
						WHERE routine_schema = 'v1' AND routine_type = 'FUNCTION'

						UNION ALL

						SELECT trigger_name AS name, 'TRIGGER' AS type 
						FROM information_schema.triggers 
						WHERE trigger_schema = 'v1'

						UNION ALL

						SELECT event_name AS name, 'EVENT' AS type 
						FROM information_schema.events 
						WHERE event_schema = 'v1';
2026/03/24 21:27:43 TABLE,VIEW: SELECT * FROM test LIMIT 100
2026/03/24 21:27:43  KEYS error Error getting primary key column: sql: no rows in result set
2026/03/24 21:27:43 dbName: v1
2026/03/24 21:27:43 tableName: test
2026/03/24 21:27:43 Query: 
	SELECT COLUMN_NAME
	FROM INFORMATION_SCHEMA.COLUMNS
	WHERE TABLE_SCHEMA = ?
	  AND TABLE_NAME = ?
	  AND COLUMN_KEY = 'PRI'
	LIMIT 1
	
2026/03/24 21:27:43 PrimaryKey: 
2026/03/24 21:27:43 Error: sql: no rows in result set
2026/03/24 21:27:43 tableName: test
2026/03/24 21:27:43 dbName: v1
2026/03/24 21:27:43 Error getting primary key column: sql: no rows in result set
2026/03/24 21:27:44 export finding path: export
2026/03/24 21:30:07 queryAllStructure: 
						SELECT table_name AS name, 'TABLE' AS type 
						FROM information_schema.tables 
						WHERE table_schema = 'v1' AND table_type = 'BASE TABLE'

						UNION ALL

						SELECT table_name AS name, 'VIEW' AS type 
						FROM information_schema.tables 
						WHERE table_schema = 'v1' AND table_type = 'VIEW'

						UNION ALL

						SELECT routine_name AS name, 'PROCEDURE' AS type 
						FROM information_schema.routines 
						WHERE routine_schema = 'v1' AND routine_type = 'PROCEDURE'

						UNION ALL

						SELECT routine_name AS name, 'FUNCTION' AS type 
						FROM information_schema.routines 
						WHERE routine_schema = 'v1' AND routine_type = 'FUNCTION'

						UNION ALL

						SELECT trigger_name AS name, 'TRIGGER' AS type 
						FROM information_schema.triggers 
						WHERE trigger_schema = 'v1'

						UNION ALL

						SELECT event_name AS name, 'EVENT' AS type 
						FROM information_schema.events 
						WHERE event_schema = 'v1';
2026/03/24 21:30:08 TABLE,VIEW: SELECT * FROM test LIMIT 100
2026/03/24 21:30:08  KEYS error Error getting primary key column: sql: no rows in result set
2026/03/24 21:30:08 dbName: v1
2026/03/24 21:30:08 tableName: test
2026/03/24 21:30:08 Query: 
	SELECT COLUMN_NAME
	FROM INFORMATION_SCHEMA.COLUMNS
	WHERE TABLE_SCHEMA = ?
	  AND TABLE_NAME = ?
	  AND COLUMN_KEY = 'PRI'
	LIMIT 1
	
2026/03/24 21:30:08 PrimaryKey: 
2026/03/24 21:30:08 Error: sql: no rows in result set
2026/03/24 21:30:08 tableName: test
2026/03/24 21:30:08 dbName: v1
2026/03/24 21:30:08 Error getting primary key column: sql: no rows in result set
2026/03/24 21:30:09 Found export folder at: export
2026/03/24 21:30:09 Found valid export: export/2026-03-24_205538 with 7 files
2026/03/24 21:30:09 Found 1 export folders
2026/03/24 21:30:16 Found export folder at: export
2026/03/24 21:30:16 Found valid export: export/2026-03-24_205538 with 7 files
2026/03/24 21:30:16 Found 1 export folders
2026/03/24 21:31:28 Found export folder at: export
2026/03/24 21:31:28 Found valid export: export/2026-03-24_205538 with 7 files
2026/03/24 21:31:28 Found 1 export folders
2026/03/24 21:31:28 Found export folder at: export
2026/03/24 21:31:28 Found valid export: export/2026-03-24_205538 with 7 files
2026/03/24 21:31:28 Found 1 export folders
2026/03/24 21:34:17 queryAllStructure: 
						SELECT table_name AS name, 'TABLE' AS type 
						FROM information_schema.tables 
						WHERE table_schema = 'v1' AND table_type = 'BASE TABLE'

						UNION ALL

						SELECT table_name AS name, 'VIEW' AS type 
						FROM information_schema.tables 
						WHERE table_schema = 'v1' AND table_type = 'VIEW'

						UNION ALL

						SELECT routine_name AS name, 'PROCEDURE' AS type 
						FROM information_schema.routines 
						WHERE routine_schema = 'v1' AND routine_type = 'PROCEDURE'

						UNION ALL

						SELECT routine_name AS name, 'FUNCTION' AS type 
						FROM information_schema.routines 
						WHERE routine_schema = 'v1' AND routine_type = 'FUNCTION'

						UNION ALL

						SELECT trigger_name AS name, 'TRIGGER' AS type 
						FROM information_schema.triggers 
						WHERE trigger_schema = 'v1'

						UNION ALL

						SELECT event_name AS name, 'EVENT' AS type 
						FROM information_schema.events 
						WHERE event_schema = 'v1';
2026/03/24 21:34:18 TABLE,VIEW: SELECT * FROM test LIMIT 100
2026/03/24 21:34:18  KEYS error Error getting primary key column: sql: no rows in result set
2026/03/24 21:34:18 dbName: v1
2026/03/24 21:34:18 tableName: test
2026/03/24 21:34:18 Query: 
	SELECT COLUMN_NAME
	FROM INFORMATION_SCHEMA.COLUMNS
	WHERE TABLE_SCHEMA = ?
	  AND TABLE_NAME = ?
	  AND COLUMN_KEY = 'PRI'
	LIMIT 1
	
2026/03/24 21:34:18 PrimaryKey: 
2026/03/24 21:34:18 Error: sql: no rows in result set
2026/03/24 21:34:18 tableName: test
2026/03/24 21:34:18 dbName: v1
2026/03/24 21:34:18 Error getting primary key column: sql: no rows in result set
2026/03/24 21:34:19 Found export folder at: export
2026/03/24 21:34:19 Found valid export: export/2026-03-24_205538 with 7 files
2026/03/24 21:34:19 Found 1 export folders
2026/03/24 21:34:25 Found export folder at: export
2026/03/24 21:34:25 Found valid export: export/2026-03-24_205538 with 7 files
2026/03/24 21:34:25 Found 1 export folders
2026/03/24 21:34:26 Found export folder at: export
2026/03/24 21:34:26 Found valid export: export/2026-03-24_205538 with 7 files
2026/03/24 21:34:26 Found 1 export folders
2026/03/24 21:34:27 Found export folder at: export
2026/03/24 21:34:27 Found valid export: export/2026-03-24_205538 with 7 files
2026/03/24 21:34:27 Found 1 export folders
2026/03/24 21:34:27 Found export folder at: export
2026/03/24 21:34:27 Found valid export: export/2026-03-24_205538 with 7 files
2026/03/24 21:34:27 Found 1 export folders
2026/03/24 21:34:28 Found export folder at: export
2026/03/24 21:34:28 Found valid export: export/2026-03-24_205538 with 7 files
2026/03/24 21:34:28 Found 1 export folders
2026/03/24 21:34:29 Found export folder at: export
2026/03/24 21:34:29 Found valid export: export/2026-03-24_205538 with 7 files
2026/03/24 21:34:29 Found 1 export folders
2026/03/24 21:34:29 Found export folder at: export
2026/03/24 21:34:29 Found valid export: export/2026-03-24_205538 with 7 files
2026/03/24 21:34:29 Found 1 export folders
2026/03/24 21:34:30 Found export folder at: export
2026/03/24 21:34:30 Found valid export: export/2026-03-24_205538 with 7 files
2026/03/24 21:34:30 Found 1 export folders
2026/03/24 21:34:30 Found export folder at: export
2026/03/24 21:34:30 Found valid export: export/2026-03-24_205538 with 7 files
2026/03/24 21:34:30 Found 1 export folders
2026/03/24 21:34:31 Found export folder at: export
2026/03/24 21:34:31 Found valid export: export/2026-03-24_205538 with 7 files
2026/03/24 21:34:31 Found 1 export folders
2026/03/24 21:34:31 Found export folder at: export
2026/03/24 21:34:31 Found valid export: export/2026-03-24_205538 with 7 files
2026/03/24 21:34:31 Found 1 export folders
2026/03/24 21:34:31 Found export folder at: export
2026/03/24 21:34:31 Found valid export: export/2026-03-24_205538 with 7 files
2026/03/24 21:34:31 Found 1 export folders
2026/03/24 21:51:00 Found export folder at: export
2026/03/24 21:51:00 Found valid export: export/2026-03-24_205538 with 7 files
2026/03/24 21:51:00 Found 1 export folders
2026/03/24 21:51:01 Found export folder at: export
2026/03/24 21:51:01 Found valid export: export/2026-03-24_205538 with 7 files
2026/03/24 21:51:01 Found 1 export folders
2026/03/24 21:51:01 Found export folder at: export
2026/03/24 21:51:01 Found valid export: export/2026-03-24_205538 with 7 files
2026/03/24 21:51:01 Found 1 export folders
2026/03/24 21:51:02 Found export folder at: export
2026/03/24 21:51:02 Found valid export: export/2026-03-24_205538 with 7 files
2026/03/24 21:51:02 Found 1 export folders
2026/03/24 21:51:02 Found export folder at: export
2026/03/24 21:51:02 Found valid export: export/2026-03-24_205538 with 7 files
2026/03/24 21:51:02 Found 1 export folders
2026/03/24 21:51:03 Found export folder at: export
2026/03/24 21:51:03 Found valid export: export/2026-03-24_205538 with 7 files
2026/03/24 21:51:03 Found 1 export folders
2026/03/24 21:51:04 Found export folder at: export
2026/03/24 21:51:04 Found valid export: export/2026-03-24_205538 with 7 files
2026/03/24 21:51:04 Found 1 export folders
2026/03/24 21:51:04 Found export folder at: export
2026/03/24 21:51:04 Found valid export: export/2026-03-24_205538 with 7 files
2026/03/24 21:51:04 Found 1 export folders
2026/03/24 21:54:04 queryAllStructure: 
						SELECT table_name AS name, 'TABLE' AS type 
						FROM information_schema.tables 
						WHERE table_schema = 'v1' AND table_type = 'BASE TABLE'

						UNION ALL

						SELECT table_name AS name, 'VIEW' AS type 
						FROM information_schema.tables 
						WHERE table_schema = 'v1' AND table_type = 'VIEW'

						UNION ALL

						SELECT routine_name AS name, 'PROCEDURE' AS type 
						FROM information_schema.routines 
						WHERE routine_schema = 'v1' AND routine_type = 'PROCEDURE'

						UNION ALL

						SELECT routine_name AS name, 'FUNCTION' AS type 
						FROM information_schema.routines 
						WHERE routine_schema = 'v1' AND routine_type = 'FUNCTION'

						UNION ALL

						SELECT trigger_name AS name, 'TRIGGER' AS type 
						FROM information_schema.triggers 
						WHERE trigger_schema = 'v1'

						UNION ALL

						SELECT event_name AS name, 'EVENT' AS type 
						FROM information_schema.events 
						WHERE event_schema = 'v1';
2026/03/24 21:54:04 TABLE,VIEW: SELECT * FROM test LIMIT 100
2026/03/24 21:54:04  KEYS error Error getting primary key column: sql: no rows in result set
2026/03/24 21:54:04 dbName: v1
2026/03/24 21:54:04 tableName: test
2026/03/24 21:54:04 Query: 
	SELECT COLUMN_NAME
	FROM INFORMATION_SCHEMA.COLUMNS
	WHERE TABLE_SCHEMA = ?
	  AND TABLE_NAME = ?
	  AND COLUMN_KEY = 'PRI'
	LIMIT 1
	
2026/03/24 21:54:04 PrimaryKey: 
2026/03/24 21:54:04 Error: sql: no rows in result set
2026/03/24 21:54:04 tableName: test
2026/03/24 21:54:04 dbName: v1
2026/03/24 21:54:04 Error getting primary key column: sql: no rows in result set
2026/03/24 21:54:06 Found export folder at: export
2026/03/24 21:54:06 Found valid export: export/2026-03-24_205538 with 7 files
2026/03/24 21:54:06 Found 1 export folders
2026/03/24 21:54:10 Found export folder at: export
2026/03/24 21:54:10 Found valid export: export/2026-03-24_205538 with 7 files
2026/03/24 21:54:10 Found 1 export folders
2026/03/24 21:54:13 Found export folder at: export
2026/03/24 21:54:13 Found valid export: export/2026-03-24_205538 with 7 files
2026/03/24 21:54:13 Found 1 export folders
2026/03/24 21:54:13 Found export folder at: export
2026/03/24 21:54:13 Found valid export: export/2026-03-24_205538 with 7 files
2026/03/24 21:54:13 Found 1 export folders
2026/03/24 21:54:15 Found export folder at: export
2026/03/24 21:54:15 Found valid export: export/2026-03-24_205538 with 7 files
2026/03/24 21:54:15 Found 1 export folders
2026/03/24 21:54:38 Found export folder at: export
2026/03/24 21:54:38 Found valid export: export/2026-03-24_205538 with 7 files
2026/03/24 21:54:38 Found 1 export folders
2026/03/24 21:54:39 Found export folder at: export
2026/03/24 21:54:39 Found valid export: export/2026-03-24_205538 with 7 files
2026/03/24 21:54:39 Found 1 export folders
2026/03/24 21:54:40 Found export folder at: export
2026/03/24 21:54:40 Found valid export: export/2026-03-24_205538 with 7 files
2026/03/24 21:54:40 Found 1 export folders
2026/03/24 21:54:40 Found export folder at: export
2026/03/24 21:54:40 Found valid export: export/2026-03-24_205538 with 7 files
2026/03/24 21:54:40 Found 1 export folders
2026/03/24 21:54:41 Found export folder at: export
2026/03/24 21:54:41 Found valid export: export/2026-03-24_205538 with 7 files
2026/03/24 21:54:41 Found 1 export folders
2026/03/24 21:54:42 Found export folder at: export
2026/03/24 21:54:42 Found valid export: export/2026-03-24_205538 with 7 files
2026/03/24 21:54:42 Found 1 export folders
2026/03/24 21:54:43 Found export folder at: export
2026/03/24 21:54:43 Found valid export: export/2026-03-24_205538 with 7 files
2026/03/24 21:54:43 Found 1 export folders
2026/03/24 21:54:43 Found export folder at: export
2026/03/24 21:54:43 Found valid export: export/2026-03-24_205538 with 7 files
2026/03/24 21:54:43 Found 1 export folders
2026/03/24 21:54:44 Found export folder at: export
2026/03/24 21:54:44 Found valid export: export/2026-03-24_205538 with 7 files
2026/03/24 21:54:44 Found 1 export folders
2026/03/24 21:57:13 queryAllStructure: 
						SELECT table_name AS name, 'TABLE' AS type 
						FROM information_schema.tables 
						WHERE table_schema = 'v1' AND table_type = 'BASE TABLE'

						UNION ALL

						SELECT table_name AS name, 'VIEW' AS type 
						FROM information_schema.tables 
						WHERE table_schema = 'v1' AND table_type = 'VIEW'

						UNION ALL

						SELECT routine_name AS name, 'PROCEDURE' AS type 
						FROM information_schema.routines 
						WHERE routine_schema = 'v1' AND routine_type = 'PROCEDURE'

						UNION ALL

						SELECT routine_name AS name, 'FUNCTION' AS type 
						FROM information_schema.routines 
						WHERE routine_schema = 'v1' AND routine_type = 'FUNCTION'

						UNION ALL

						SELECT trigger_name AS name, 'TRIGGER' AS type 
						FROM information_schema.triggers 
						WHERE trigger_schema = 'v1'

						UNION ALL

						SELECT event_name AS name, 'EVENT' AS type 
						FROM information_schema.events 
						WHERE event_schema = 'v1';
2026/03/24 21:57:13 TABLE,VIEW: SELECT * FROM test LIMIT 100
2026/03/24 21:57:13  KEYS error Error getting primary key column: sql: no rows in result set
2026/03/24 21:57:13 dbName: v1
2026/03/24 21:57:13 tableName: test
2026/03/24 21:57:13 Query: 
	SELECT COLUMN_NAME
	FROM INFORMATION_SCHEMA.COLUMNS
	WHERE TABLE_SCHEMA = ?
	  AND TABLE_NAME = ?
	  AND COLUMN_KEY = 'PRI'
	LIMIT 1
	
2026/03/24 21:57:13 PrimaryKey: 
2026/03/24 21:57:13 Error: sql: no rows in result set
2026/03/24 21:57:13 tableName: test
2026/03/24 21:57:13 dbName: v1
2026/03/24 21:57:13 Error getting primary key column: sql: no rows in result set
2026/03/24 21:57:14 Found export folder at: export
2026/03/24 21:57:14 Found valid export: export/2026-03-24_205538 with 7 files
2026/03/24 21:57:14 Found 1 export folders
2026/03/24 21:57:21 Found export folder at: export
2026/03/24 21:57:21 Found valid export: export/2026-03-24_205538 with 7 files
2026/03/24 21:57:21 Found 1 export folders
2026/03/24 21:57:21 Found export folder at: export
2026/03/24 21:57:21 Found valid export: export/2026-03-24_205538 with 7 files
2026/03/24 21:57:21 Found 1 export folders
2026/03/24 21:57:22 Found export folder at: export
2026/03/24 21:57:22 Found valid export: export/2026-03-24_205538 with 7 files
2026/03/24 21:57:22 Found 1 export folders
2026/03/24 21:57:22 Found export folder at: export
2026/03/24 21:57:22 Found valid export: export/2026-03-24_205538 with 7 files
2026/03/24 21:57:22 Found 1 export folders
2026/03/24 21:58:42 queryAllStructure: 
						SELECT table_name AS name, 'TABLE' AS type 
						FROM information_schema.tables 
						WHERE table_schema = 'v1' AND table_type = 'BASE TABLE'

						UNION ALL

						SELECT table_name AS name, 'VIEW' AS type 
						FROM information_schema.tables 
						WHERE table_schema = 'v1' AND table_type = 'VIEW'

						UNION ALL

						SELECT routine_name AS name, 'PROCEDURE' AS type 
						FROM information_schema.routines 
						WHERE routine_schema = 'v1' AND routine_type = 'PROCEDURE'

						UNION ALL

						SELECT routine_name AS name, 'FUNCTION' AS type 
						FROM information_schema.routines 
						WHERE routine_schema = 'v1' AND routine_type = 'FUNCTION'

						UNION ALL

						SELECT trigger_name AS name, 'TRIGGER' AS type 
						FROM information_schema.triggers 
						WHERE trigger_schema = 'v1'

						UNION ALL

						SELECT event_name AS name, 'EVENT' AS type 
						FROM information_schema.events 
						WHERE event_schema = 'v1';
2026/03/24 21:58:43 TABLE,VIEW: SELECT * FROM test LIMIT 100
2026/03/24 21:58:43  KEYS error Error getting primary key column: sql: no rows in result set
2026/03/24 21:58:43 dbName: v1
2026/03/24 21:58:43 tableName: test
2026/03/24 21:58:43 Query: 
	SELECT COLUMN_NAME
	FROM INFORMATION_SCHEMA.COLUMNS
	WHERE TABLE_SCHEMA = ?
	  AND TABLE_NAME = ?
	  AND COLUMN_KEY = 'PRI'
	LIMIT 1
	
2026/03/24 21:58:43 PrimaryKey: 
2026/03/24 21:58:43 Error: sql: no rows in result set
2026/03/24 21:58:43 tableName: test
2026/03/24 21:58:43 dbName: v1
2026/03/24 21:58:43 Error getting primary key column: sql: no rows in result set
2026/03/24 21:58:44 Found export folder at: export
2026/03/24 21:58:44 Found valid export: export/2026-03-24_205538 with 7 files
2026/03/24 21:58:44 Found 1 export folders
2026/03/24 21:58:49 Found export folder at: export
2026/03/24 21:58:49 Found valid export: export/2026-03-24_205538 with 7 files
2026/03/24 21:58:49 Found 1 export folders
2026/03/24 21:58:53 Found export folder at: export
2026/03/24 21:58:53 Found valid export: export/2026-03-24_205538 with 7 files
2026/03/24 21:58:53 Found 1 export folders
2026/03/24 21:58:56 Found export folder at: export
2026/03/24 21:58:56 Found valid export: export/2026-03-24_205538 with 7 files
2026/03/24 21:58:56 Found 1 export folders
2026/03/24 22:00:42 queryAllStructure: 
						SELECT table_name AS name, 'TABLE' AS type 
						FROM information_schema.tables 
						WHERE table_schema = 'v1' AND table_type = 'BASE TABLE'

						UNION ALL

						SELECT table_name AS name, 'VIEW' AS type 
						FROM information_schema.tables 
						WHERE table_schema = 'v1' AND table_type = 'VIEW'

						UNION ALL

						SELECT routine_name AS name, 'PROCEDURE' AS type 
						FROM information_schema.routines 
						WHERE routine_schema = 'v1' AND routine_type = 'PROCEDURE'

						UNION ALL

						SELECT routine_name AS name, 'FUNCTION' AS type 
						FROM information_schema.routines 
						WHERE routine_schema = 'v1' AND routine_type = 'FUNCTION'

						UNION ALL

						SELECT trigger_name AS name, 'TRIGGER' AS type 
						FROM information_schema.triggers 
						WHERE trigger_schema = 'v1'

						UNION ALL

						SELECT event_name AS name, 'EVENT' AS type 
						FROM information_schema.events 
						WHERE event_schema = 'v1';
2026/03/24 22:00:42 TABLE,VIEW: SELECT * FROM test LIMIT 100
2026/03/24 22:00:42  KEYS error Error getting primary key column: sql: no rows in result set
2026/03/24 22:00:42 dbName: v1
2026/03/24 22:00:42 tableName: test
2026/03/24 22:00:42 Query: 
	SELECT COLUMN_NAME
	FROM INFORMATION_SCHEMA.COLUMNS
	WHERE TABLE_SCHEMA = ?
	  AND TABLE_NAME = ?
	  AND COLUMN_KEY = 'PRI'
	LIMIT 1
	
2026/03/24 22:00:42 PrimaryKey: 
2026/03/24 22:00:42 Error: sql: no rows in result set
2026/03/24 22:00:42 tableName: test
2026/03/24 22:00:42 dbName: v1
2026/03/24 22:00:42 Error getting primary key column: sql: no rows in result set
2026/03/24 22:00:43 Found export folder at: export
2026/03/24 22:00:43 Found valid export: export/2026-03-24_205538 with 7 files
2026/03/24 22:00:43 Found 1 export folders
2026/03/24 22:00:46 Found export folder at: export
2026/03/24 22:00:46 Found valid export: export/2026-03-24_205538 with 7 files
2026/03/24 22:00:46 Found 1 export folders
2026/03/24 22:00:46 Found export folder at: export
2026/03/24 22:00:46 Found valid export: export/2026-03-24_205538 with 7 files
2026/03/24 22:00:46 Found 1 export folders
2026/03/24 22:03:34 queryAllStructure: 
						SELECT table_name AS name, 'TABLE' AS type 
						FROM information_schema.tables 
						WHERE table_schema = 'v1' AND table_type = 'BASE TABLE'

						UNION ALL

						SELECT table_name AS name, 'VIEW' AS type 
						FROM information_schema.tables 
						WHERE table_schema = 'v1' AND table_type = 'VIEW'

						UNION ALL

						SELECT routine_name AS name, 'PROCEDURE' AS type 
						FROM information_schema.routines 
						WHERE routine_schema = 'v1' AND routine_type = 'PROCEDURE'

						UNION ALL

						SELECT routine_name AS name, 'FUNCTION' AS type 
						FROM information_schema.routines 
						WHERE routine_schema = 'v1' AND routine_type = 'FUNCTION'

						UNION ALL

						SELECT trigger_name AS name, 'TRIGGER' AS type 
						FROM information_schema.triggers 
						WHERE trigger_schema = 'v1'

						UNION ALL

						SELECT event_name AS name, 'EVENT' AS type 
						FROM information_schema.events 
						WHERE event_schema = 'v1';
2026/03/24 22:03:35 TABLE,VIEW: SELECT * FROM test LIMIT 100
2026/03/24 22:03:35  KEYS error Error getting primary key column: sql: no rows in result set
2026/03/24 22:03:35 dbName: v1
2026/03/24 22:03:35 tableName: test
2026/03/24 22:03:35 Query: 
	SELECT COLUMN_NAME
	FROM INFORMATION_SCHEMA.COLUMNS
	WHERE TABLE_SCHEMA = ?
	  AND TABLE_NAME = ?
	  AND COLUMN_KEY = 'PRI'
	LIMIT 1
	
2026/03/24 22:03:35 PrimaryKey: 
2026/03/24 22:03:35 Error: sql: no rows in result set
2026/03/24 22:03:35 tableName: test
2026/03/24 22:03:35 dbName: v1
2026/03/24 22:03:35 Error getting primary key column: sql: no rows in result set
2026/03/24 22:03:36 Found export folder at: export
2026/03/24 22:03:36 Found valid export: export/2026-03-24_205538 with 7 files
2026/03/24 22:03:36 Found 1 export folders
2026/03/24 22:03:38 Found export folder at: export
2026/03/24 22:03:38 Found valid export: export/2026-03-24_205538 with 7 files
2026/03/24 22:03:38 Found 1 export folders
2026/03/24 22:03:39 Found export folder at: export
2026/03/24 22:03:39 Found valid export: export/2026-03-24_205538 with 7 files
2026/03/24 22:03:39 Found 1 export folders
2026/03/24 22:03:39 Found export folder at: export
2026/03/24 22:03:39 Found valid export: export/2026-03-24_205538 with 7 files
2026/03/24 22:03:39 Found 1 export folders
2026/03/24 22:04:07 Found export folder at: export
2026/03/24 22:04:07 Found valid export: export/2026-03-24_205538 with 7 files
2026/03/24 22:04:07 Found 1 export folders
2026/03/24 22:04:10 Found export folder at: export
2026/03/24 22:04:10 Found valid export: export/2026-03-24_205538 with 7 files
2026/03/24 22:04:10 Found 1 export folders
2026/03/24 22:06:28 queryAllStructure: 
						SELECT table_name AS name, 'TABLE' AS type 
						FROM information_schema.tables 
						WHERE table_schema = 'v1' AND table_type = 'BASE TABLE'

						UNION ALL

						SELECT table_name AS name, 'VIEW' AS type 
						FROM information_schema.tables 
						WHERE table_schema = 'v1' AND table_type = 'VIEW'

						UNION ALL

						SELECT routine_name AS name, 'PROCEDURE' AS type 
						FROM information_schema.routines 
						WHERE routine_schema = 'v1' AND routine_type = 'PROCEDURE'

						UNION ALL

						SELECT routine_name AS name, 'FUNCTION' AS type 
						FROM information_schema.routines 
						WHERE routine_schema = 'v1' AND routine_type = 'FUNCTION'

						UNION ALL

						SELECT trigger_name AS name, 'TRIGGER' AS type 
						FROM information_schema.triggers 
						WHERE trigger_schema = 'v1'

						UNION ALL

						SELECT event_name AS name, 'EVENT' AS type 
						FROM information_schema.events 
						WHERE event_schema = 'v1';
2026/03/24 22:06:28 TABLE,VIEW: SELECT * FROM test LIMIT 100
2026/03/24 22:06:28  KEYS error Error getting primary key column: sql: no rows in result set
2026/03/24 22:06:28 dbName: v1
2026/03/24 22:06:28 tableName: test
2026/03/24 22:06:28 Query: 
	SELECT COLUMN_NAME
	FROM INFORMATION_SCHEMA.COLUMNS
	WHERE TABLE_SCHEMA = ?
	  AND TABLE_NAME = ?
	  AND COLUMN_KEY = 'PRI'
	LIMIT 1
	
2026/03/24 22:06:28 PrimaryKey: 
2026/03/24 22:06:28 Error: sql: no rows in result set
2026/03/24 22:06:28 tableName: test
2026/03/24 22:06:28 dbName: v1
2026/03/24 22:06:28 Error getting primary key column: sql: no rows in result set
2026/03/24 22:06:29 Found export folder at: export
2026/03/24 22:06:29 Found valid export: export/2026-03-24_205538 with 7 files
2026/03/24 22:06:29 Found 1 export folders
2026/03/24 22:07:36 queryAllStructure: 
						SELECT table_name AS name, 'TABLE' AS type 
						FROM information_schema.tables 
						WHERE table_schema = 'v1' AND table_type = 'BASE TABLE'

						UNION ALL

						SELECT table_name AS name, 'VIEW' AS type 
						FROM information_schema.tables 
						WHERE table_schema = 'v1' AND table_type = 'VIEW'

						UNION ALL

						SELECT routine_name AS name, 'PROCEDURE' AS type 
						FROM information_schema.routines 
						WHERE routine_schema = 'v1' AND routine_type = 'PROCEDURE'

						UNION ALL

						SELECT routine_name AS name, 'FUNCTION' AS type 
						FROM information_schema.routines 
						WHERE routine_schema = 'v1' AND routine_type = 'FUNCTION'

						UNION ALL

						SELECT trigger_name AS name, 'TRIGGER' AS type 
						FROM information_schema.triggers 
						WHERE trigger_schema = 'v1'

						UNION ALL

						SELECT event_name AS name, 'EVENT' AS type 
						FROM information_schema.events 
						WHERE event_schema = 'v1';
2026/03/24 22:07:36 TABLE,VIEW: SELECT * FROM test LIMIT 100
2026/03/24 22:07:36  KEYS error Error getting primary key column: sql: no rows in result set
2026/03/24 22:07:36 dbName: v1
2026/03/24 22:07:36 tableName: test
2026/03/24 22:07:36 Query: 
	SELECT COLUMN_NAME
	FROM INFORMATION_SCHEMA.COLUMNS
	WHERE TABLE_SCHEMA = ?
	  AND TABLE_NAME = ?
	  AND COLUMN_KEY = 'PRI'
	LIMIT 1
	
2026/03/24 22:07:36 PrimaryKey: 
2026/03/24 22:07:36 Error: sql: no rows in result set
2026/03/24 22:07:36 tableName: test
2026/03/24 22:07:36 dbName: v1
2026/03/24 22:07:36 Error getting primary key column: sql: no rows in result set
2026/03/24 22:07:37 Found export folder at: export
2026/03/24 22:07:37 Found valid export: export/2026-03-24_205538 with 7 files
2026/03/24 22:07:37 Found 1 export folders
2026/03/24 22:07:40 Found export folder at: export
2026/03/24 22:07:40 Found valid export: export/2026-03-24_205538 with 7 files
2026/03/24 22:07:40 Found 1 export folders
2026/03/24 22:13:17 queryAllStructure: 
						SELECT table_name AS name, 'TABLE' AS type 
						FROM information_schema.tables 
						WHERE table_schema = 'v1' AND table_type = 'BASE TABLE'

						UNION ALL

						SELECT table_name AS name, 'VIEW' AS type 
						FROM information_schema.tables 
						WHERE table_schema = 'v1' AND table_type = 'VIEW'

						UNION ALL

						SELECT routine_name AS name, 'PROCEDURE' AS type 
						FROM information_schema.routines 
						WHERE routine_schema = 'v1' AND routine_type = 'PROCEDURE'

						UNION ALL

						SELECT routine_name AS name, 'FUNCTION' AS type 
						FROM information_schema.routines 
						WHERE routine_schema = 'v1' AND routine_type = 'FUNCTION'

						UNION ALL

						SELECT trigger_name AS name, 'TRIGGER' AS type 
						FROM information_schema.triggers 
						WHERE trigger_schema = 'v1'

						UNION ALL

						SELECT event_name AS name, 'EVENT' AS type 
						FROM information_schema.events 
						WHERE event_schema = 'v1';
2026/03/24 22:13:17 TABLE,VIEW: SELECT * FROM test LIMIT 100
2026/03/24 22:13:17  KEYS error Error getting primary key column: sql: no rows in result set
2026/03/24 22:13:17 dbName: v1
2026/03/24 22:13:17 tableName: test
2026/03/24 22:13:17 Query: 
	SELECT COLUMN_NAME
	FROM INFORMATION_SCHEMA.COLUMNS
	WHERE TABLE_SCHEMA = ?
	  AND TABLE_NAME = ?
	  AND COLUMN_KEY = 'PRI'
	LIMIT 1
	
2026/03/24 22:13:17 PrimaryKey: 
2026/03/24 22:13:17 Error: sql: no rows in result set
2026/03/24 22:13:17 tableName: test
2026/03/24 22:13:17 dbName: v1
2026/03/24 22:13:17 Error getting primary key column: sql: no rows in result set
2026/03/24 22:13:18 Starting import...

2026/03/24 22:13:18 [green]Found export folder: 2026-03-24_205538
2026/03/24 22:13:18 [yellow]No viewddl.sql file found, skipping
2026/03/24 22:13:18 [yellow]No view.sql file found, skipping
2026/03/24 22:13:18 [yellow]No procedure.sql file found, skipping
2026/03/24 22:13:18 [yellow]No function.sql file found, skipping
2026/03/24 22:13:18 [yellow]No trigger.sql file found, skipping
2026/03/24 22:13:18 [yellow]No event.sql file found, skipping
2026/03/24 22:13:18 [green]Import completed successfully!
2026/03/24 22:13:23 Starting import...

2026/03/24 22:13:23 [green]Found export folder: 2026-03-24_205538
2026/03/24 22:13:23 [yellow]No viewddl.sql file found, skipping
2026/03/24 22:13:23 [yellow]No view.sql file found, skipping
2026/03/24 22:13:23 [yellow]No procedure.sql file found, skipping
2026/03/24 22:13:23 [yellow]No function.sql file found, skipping
2026/03/24 22:13:23 [yellow]No trigger.sql file found, skipping
2026/03/24 22:13:23 [yellow]No event.sql file found, skipping
2026/03/24 22:13:23 [green]Import completed successfully!
2026/03/24 22:13:24 Starting import...

2026/03/24 22:13:24 [green]Found export folder: 2026-03-24_205538
2026/03/24 22:13:24 [yellow]No viewddl.sql file found, skipping
2026/03/24 22:13:24 [yellow]No view.sql file found, skipping
2026/03/24 22:13:24 [yellow]No procedure.sql file found, skipping
2026/03/24 22:13:24 [yellow]No function.sql file found, skipping
2026/03/24 22:13:24 [yellow]No trigger.sql file found, skipping
2026/03/24 22:13:24 [yellow]No event.sql file found, skipping
2026/03/24 22:13:24 [green]Import completed successfully!
2026/03/24 22:13:27 Starting import...

2026/03/24 22:13:27 [green]Found export folder: 2026-03-24_205538
2026/03/24 22:13:27 [yellow]No viewddl.sql file found, skipping
2026/03/24 22:13:27 [yellow]No view.sql file found, skipping
2026/03/24 22:13:27 [yellow]No procedure.sql file found, skipping
2026/03/24 22:13:27 [yellow]No function.sql file found, skipping
2026/03/24 22:13:27 [yellow]No trigger.sql file found, skipping
2026/03/24 22:13:27 [yellow]No event.sql file found, skipping
2026/03/24 22:13:27 [green]Import completed successfully!
2026/03/24 22:13:28 Starting import...

2026/03/24 22:13:28 [green]Found export folder: 2026-03-24_205538
2026/03/24 22:13:28 [yellow]No viewddl.sql file found, skipping
2026/03/24 22:13:28 [yellow]No view.sql file found, skipping
2026/03/24 22:13:28 [yellow]No procedure.sql file found, skipping
2026/03/24 22:13:28 [yellow]No function.sql file found, skipping
2026/03/24 22:13:28 [yellow]No trigger.sql file found, skipping
2026/03/24 22:13:28 [yellow]No event.sql file found, skipping
2026/03/24 22:13:28 [green]Import completed successfully!
2026/03/24 22:13:31 Starting import...

2026/03/24 22:13:31 [green]Found export folder: 2026-03-24_205538
2026/03/24 22:13:31 [yellow]No viewddl.sql file found, skipping
2026/03/24 22:13:31 [yellow]No view.sql file found, skipping
2026/03/24 22:13:31 [yellow]No procedure.sql file found, skipping
2026/03/24 22:13:31 [yellow]No function.sql file found, skipping
2026/03/24 22:13:31 [yellow]No trigger.sql file found, skipping
2026/03/24 22:13:31 [yellow]No event.sql file found, skipping
2026/03/24 22:13:31 [green]Import completed successfully!
2026/03/24 22:13:36 Starting import...

2026/03/24 22:13:36 [green]Found export folder: 2026-03-24_205538
2026/03/24 22:13:36 [yellow]No viewddl.sql file found, skipping
2026/03/24 22:13:36 [yellow]No view.sql file found, skipping
2026/03/24 22:13:36 [yellow]No procedure.sql file found, skipping
2026/03/24 22:13:36 [yellow]No function.sql file found, skipping
2026/03/24 22:13:36 [yellow]No trigger.sql file found, skipping
2026/03/24 22:13:36 [yellow]No event.sql file found, skipping
2026/03/24 22:13:36 [green]Import completed successfully!
2026/03/24 22:14:05 queryAllStructure: 
						SELECT table_name AS name, 'TABLE' AS type 
						FROM information_schema.tables 
						WHERE table_schema = 'mutual_fund_db1' AND table_type = 'BASE TABLE'

						UNION ALL

						SELECT table_name AS name, 'VIEW' AS type 
						FROM information_schema.tables 
						WHERE table_schema = 'mutual_fund_db1' AND table_type = 'VIEW'

						UNION ALL

						SELECT routine_name AS name, 'PROCEDURE' AS type 
						FROM information_schema.routines 
						WHERE routine_schema = 'mutual_fund_db1' AND routine_type = 'PROCEDURE'

						UNION ALL

						SELECT routine_name AS name, 'FUNCTION' AS type 
						FROM information_schema.routines 
						WHERE routine_schema = 'mutual_fund_db1' AND routine_type = 'FUNCTION'

						UNION ALL

						SELECT trigger_name AS name, 'TRIGGER' AS type 
						FROM information_schema.triggers 
						WHERE trigger_schema = 'mutual_fund_db1'

						UNION ALL

						SELECT event_name AS name, 'EVENT' AS type 
						FROM information_schema.events 
						WHERE event_schema = 'mutual_fund_db1';
2026/03/24 22:14:06 TABLE,VIEW: SELECT * FROM funds LIMIT 100
2026/03/24 22:14:07 Exporting 9 objects...

2026/03/24 22:14:07 [green]Exported TABLE     : funds                          [11.1%] (ETA 0s)
2026/03/24 22:14:07 [green]Exported TABLE     : portfolio_nav_history          [33.3%] (ETA 0s)
2026/03/24 22:14:07 [green]Exported TABLE     : processing_logs                [55.6%] (ETA 0s)
2026/03/24 22:14:07 [green]Exported TABLE     : portfolio_metrics              [66.7%] (ETA 0s)
2026/03/24 22:14:07 [green]Exported TABLE     : portfolio_summaries            [77.8%] (ETA 0s)
2026/03/24 22:14:07 [green]Exported TABLE     : portfolio_holdings             [100.0%] (ETA 0s)
2026/03/24 22:15:20 queryAllStructure: 
						SELECT table_name AS name, 'TABLE' AS type 
						FROM information_schema.tables 
						WHERE table_schema = 'mutual_f' AND table_type = 'BASE TABLE'

						UNION ALL

						SELECT table_name AS name, 'VIEW' AS type 
						FROM information_schema.tables 
						WHERE table_schema = 'mutual_f' AND table_type = 'VIEW'

						UNION ALL

						SELECT routine_name AS name, 'PROCEDURE' AS type 
						FROM information_schema.routines 
						WHERE routine_schema = 'mutual_f' AND routine_type = 'PROCEDURE'

						UNION ALL

						SELECT routine_name AS name, 'FUNCTION' AS type 
						FROM information_schema.routines 
						WHERE routine_schema = 'mutual_f' AND routine_type = 'FUNCTION'

						UNION ALL

						SELECT trigger_name AS name, 'TRIGGER' AS type 
						FROM information_schema.triggers 
						WHERE trigger_schema = 'mutual_f'

						UNION ALL

						SELECT event_name AS name, 'EVENT' AS type 
						FROM information_schema.events 
						WHERE event_schema = 'mutual_f';
2026/03/24 22:16:29 queryAllStructure: 
						SELECT table_name AS name, 'TABLE' AS type 
						FROM information_schema.tables 
						WHERE table_schema = 'mutual_f' AND table_type = 'BASE TABLE'

						UNION ALL

						SELECT table_name AS name, 'VIEW' AS type 
						FROM information_schema.tables 
						WHERE table_schema = 'mutual_f' AND table_type = 'VIEW'

						UNION ALL

						SELECT routine_name AS name, 'PROCEDURE' AS type 
						FROM information_schema.routines 
						WHERE routine_schema = 'mutual_f' AND routine_type = 'PROCEDURE'

						UNION ALL

						SELECT routine_name AS name, 'FUNCTION' AS type 
						FROM information_schema.routines 
						WHERE routine_schema = 'mutual_f' AND routine_type = 'FUNCTION'

						UNION ALL

						SELECT trigger_name AS name, 'TRIGGER' AS type 
						FROM information_schema.triggers 
						WHERE trigger_schema = 'mutual_f'

						UNION ALL

						SELECT event_name AS name, 'EVENT' AS type 
						FROM information_schema.events 
						WHERE event_schema = 'mutual_f';
2026/03/24 22:16:29 TABLE,VIEW: SELECT * FROM m1 LIMIT 100
2026/03/24 22:16:29  KEYS error Error getting primary key column: sql: no rows in result set
2026/03/24 22:16:29 dbName: mutual_f
2026/03/24 22:16:29 tableName: m1
2026/03/24 22:16:29 Query: 
	SELECT COLUMN_NAME
	FROM INFORMATION_SCHEMA.COLUMNS
	WHERE TABLE_SCHEMA = ?
	  AND TABLE_NAME = ?
	  AND COLUMN_KEY = 'PRI'
	LIMIT 1
	
2026/03/24 22:16:29 PrimaryKey: 
2026/03/24 22:16:29 Error: sql: no rows in result set
2026/03/24 22:16:29 tableName: m1
2026/03/24 22:16:29 dbName: mutual_f
2026/03/24 22:16:29 Error getting primary key column: sql: no rows in result set
2026/03/24 22:16:31 Starting import...

2026/03/24 22:16:31 [green]Found export folder: 2026-03-24_221407
2026/03/24 22:16:31 [yellow]No viewddl.sql file found, skipping
2026/03/24 22:16:31 [yellow]No view.sql file found, skipping
2026/03/24 22:16:31 [yellow]No procedure.sql file found, skipping
2026/03/24 22:16:31 [yellow]No function.sql file found, skipping
2026/03/24 22:16:31 [yellow]No trigger.sql file found, skipping
2026/03/24 22:16:31 [yellow]No event.sql file found, skipping
2026/03/24 22:16:31 [green]Import completed successfully!
2026/03/24 22:16:34 Starting import...

2026/03/24 22:16:34 [green]Found export folder: 2026-03-24_221407
2026/03/24 22:16:34 [yellow]No viewddl.sql file found, skipping
2026/03/24 22:16:34 [yellow]No view.sql file found, skipping
2026/03/24 22:16:34 [yellow]No procedure.sql file found, skipping
2026/03/24 22:16:34 [yellow]No function.sql file found, skipping
2026/03/24 22:16:34 [yellow]No trigger.sql file found, skipping
2026/03/24 22:16:34 [yellow]No event.sql file found, skipping
2026/03/24 22:16:34 [green]Import completed successfully!
2026/03/24 22:16:35 Starting import...

2026/03/24 22:16:35 [green]Found export folder: 2026-03-24_221407
2026/03/24 22:16:35 [yellow]No viewddl.sql file found, skipping
2026/03/24 22:16:35 [yellow]No view.sql file found, skipping
2026/03/24 22:16:35 [yellow]No procedure.sql file found, skipping
2026/03/24 22:16:35 [yellow]No function.sql file found, skipping
2026/03/24 22:16:35 [yellow]No trigger.sql file found, skipping
2026/03/24 22:16:35 [yellow]No event.sql file found, skipping
2026/03/24 22:16:35 [green]Import completed successfully!
2026/03/24 22:16:43 queryAllStructure: 
						SELECT table_name AS name, 'TABLE' AS type 
						FROM information_schema.tables 
						WHERE table_schema = 'v1' AND table_type = 'BASE TABLE'

						UNION ALL

						SELECT table_name AS name, 'VIEW' AS type 
						FROM information_schema.tables 
						WHERE table_schema = 'v1' AND table_type = 'VIEW'

						UNION ALL

						SELECT routine_name AS name, 'PROCEDURE' AS type 
						FROM information_schema.routines 
						WHERE routine_schema = 'v1' AND routine_type = 'PROCEDURE'

						UNION ALL

						SELECT routine_name AS name, 'FUNCTION' AS type 
						FROM information_schema.routines 
						WHERE routine_schema = 'v1' AND routine_type = 'FUNCTION'

						UNION ALL

						SELECT trigger_name AS name, 'TRIGGER' AS type 
						FROM information_schema.triggers 
						WHERE trigger_schema = 'v1'

						UNION ALL

						SELECT event_name AS name, 'EVENT' AS type 
						FROM information_schema.events 
						WHERE event_schema = 'v1';
2026/03/24 22:16:44 TABLE,VIEW: SELECT * FROM test LIMIT 100
2026/03/24 22:16:44  KEYS error Error getting primary key column: sql: no rows in result set
2026/03/24 22:16:44 dbName: v1
2026/03/24 22:16:44 tableName: test
2026/03/24 22:16:44 Query: 
	SELECT COLUMN_NAME
	FROM INFORMATION_SCHEMA.COLUMNS
	WHERE TABLE_SCHEMA = ?
	  AND TABLE_NAME = ?
	  AND COLUMN_KEY = 'PRI'
	LIMIT 1
	
2026/03/24 22:16:44 PrimaryKey: 
2026/03/24 22:16:44 Error: sql: no rows in result set
2026/03/24 22:16:44 tableName: test
2026/03/24 22:16:44 dbName: v1
2026/03/24 22:16:44 Error getting primary key column: sql: no rows in result set
2026/03/24 22:26:35 queryAllStructure: 
						SELECT table_name AS name, 'TABLE' AS type 
						FROM information_schema.tables 
						WHERE table_schema = 'mutual_f' AND table_type = 'BASE TABLE'

						UNION ALL

						SELECT table_name AS name, 'VIEW' AS type 
						FROM information_schema.tables 
						WHERE table_schema = 'mutual_f' AND table_type = 'VIEW'

						UNION ALL

						SELECT routine_name AS name, 'PROCEDURE' AS type 
						FROM information_schema.routines 
						WHERE routine_schema = 'mutual_f' AND routine_type = 'PROCEDURE'

						UNION ALL

						SELECT routine_name AS name, 'FUNCTION' AS type 
						FROM information_schema.routines 
						WHERE routine_schema = 'mutual_f' AND routine_type = 'FUNCTION'

						UNION ALL

						SELECT trigger_name AS name, 'TRIGGER' AS type 
						FROM information_schema.triggers 
						WHERE trigger_schema = 'mutual_f'

						UNION ALL

						SELECT event_name AS name, 'EVENT' AS type 
						FROM information_schema.events 
						WHERE event_schema = 'mutual_f';
2026/03/24 22:26:36 TABLE,VIEW: SELECT * FROM m1 LIMIT 100
2026/03/24 22:26:36  KEYS error Error getting primary key column: sql: no rows in result set
2026/03/24 22:26:36 dbName: mutual_f
2026/03/24 22:26:36 tableName: m1
2026/03/24 22:26:36 Query: 
	SELECT COLUMN_NAME
	FROM INFORMATION_SCHEMA.COLUMNS
	WHERE TABLE_SCHEMA = ?
	  AND TABLE_NAME = ?
	  AND COLUMN_KEY = 'PRI'
	LIMIT 1
	
2026/03/24 22:26:36 PrimaryKey: 
2026/03/24 22:26:36 Error: sql: no rows in result set
2026/03/24 22:26:36 tableName: m1
2026/03/24 22:26:36 dbName: mutual_f
2026/03/24 22:26:36 Error getting primary key column: sql: no rows in result set
2026/03/24 22:26:38 Starting import...

2026/03/24 22:26:38 === IMPORT STARTED ===
2026/03/24 22:26:38 Importing database: mutual_f
2026/03/24 22:26:38 Connecting to database...
2026/03/24 22:26:38 Database connection established
2026/03/24 22:26:38 Setting session variables for import...
2026/03/24 22:26:38 Session variables set successfully
2026/03/24 22:26:38 Looking for latest export folder...
2026/03/24 22:26:38 findLatestExportFolder: Starting search
2026/03/24 22:26:38 Looking for export folder at: export
2026/03/24 22:26:38 Found 3 entries in export folder
2026/03/24 22:26:38 Checking folder: 2026-03-24_022117
2026/03/24 22:26:38   Checking for database folder: export/2026-03-24_022117/mutual_f
2026/03/24 22:26:38   Database folder not found: stat export/2026-03-24_022117/mutual_f: no such file or directory
2026/03/24 22:26:38 Checking folder: 2026-03-24_205538
2026/03/24 22:26:38   Checking for database folder: export/2026-03-24_205538/mutual_f
2026/03/24 22:26:38   Database folder not found: stat export/2026-03-24_205538/mutual_f: no such file or directory
2026/03/24 22:26:38 Checking folder: 2026-03-24_221407
2026/03/24 22:26:38   Checking for database folder: export/2026-03-24_221407/mutual_f
2026/03/24 22:26:38   Found database folder: export/2026-03-24_221407/mutual_f
2026/03/24 22:26:38   Found 7 SQL files
2026/03/24 22:26:38   Adding valid folder: export/2026-03-24_221407
2026/03/24 22:26:38 Found 1 valid folders, latest is: export/2026-03-24_221407
2026/03/24 22:26:38   1: export/2026-03-24_221407
2026/03/24 22:26:38 Found export folder: export/2026-03-24_221407
2026/03/24 22:26:38 Looking for database folder: export/2026-03-24_221407/mutual_f
2026/03/24 22:26:38 Database folder found: export/2026-03-24_221407/mutual_f
2026/03/24 22:26:38 [green]Found export folder: 2026-03-24_221407
2026/03/24 22:26:38 Found 7 SQL files in database folder:
2026/03/24 22:26:38   - 20260324_221407_event.sql.gz
2026/03/24 22:26:38   - 20260324_221407_function.sql.gz
2026/03/24 22:26:38   - 20260324_221407_procedure.sql.gz
2026/03/24 22:26:38   - 20260324_221407_table.sql.gz
2026/03/24 22:26:38   - 20260324_221407_trigger.sql.gz
2026/03/24 22:26:38   - 20260324_221407_view.sql.gz
2026/03/24 22:26:38   - 20260324_221407_viewddl.sql.gz
2026/03/24 22:26:38 Starting import of 7 file types
2026/03/24 22:26:38 Processing file type: table.sql
2026/03/24 22:26:38 Looking for files matching: export/2026-03-24_221407/mutual_f/*_table.sql
2026/03/24 22:26:38 No table.sql file found, skipping
2026/03/24 22:26:38 Processing file type: viewddl.sql
2026/03/24 22:26:38 Looking for files matching: export/2026-03-24_221407/mutual_f/*_viewddl.sql
2026/03/24 22:26:38 No viewddl.sql file found, skipping
2026/03/24 22:26:38 Processing file type: view.sql
2026/03/24 22:26:38 [yellow]No viewddl.sql file found, skipping
2026/03/24 22:26:38 Looking for files matching: export/2026-03-24_221407/mutual_f/*_view.sql
2026/03/24 22:26:38 No view.sql file found, skipping
2026/03/24 22:26:38 Processing file type: procedure.sql
2026/03/24 22:26:38 [yellow]No view.sql file found, skipping
2026/03/24 22:26:38 Looking for files matching: export/2026-03-24_221407/mutual_f/*_procedure.sql
2026/03/24 22:26:38 No procedure.sql file found, skipping
2026/03/24 22:26:38 Processing file type: function.sql
2026/03/24 22:26:38 [yellow]No procedure.sql file found, skipping
2026/03/24 22:26:38 Looking for files matching: export/2026-03-24_221407/mutual_f/*_function.sql
2026/03/24 22:26:38 No function.sql file found, skipping
2026/03/24 22:26:38 Processing file type: trigger.sql
2026/03/24 22:26:38 Looking for files matching: export/2026-03-24_221407/mutual_f/*_trigger.sql
2026/03/24 22:26:38 No trigger.sql file found, skipping
2026/03/24 22:26:38 [yellow]No function.sql file found, skipping
2026/03/24 22:26:38 [yellow]No trigger.sql file found, skipping
2026/03/24 22:26:38 Processing file type: event.sql
2026/03/24 22:26:38 Looking for files matching: export/2026-03-24_221407/mutual_f/*_event.sql
2026/03/24 22:26:38 No event.sql file found, skipping
2026/03/24 22:26:38 Restoring session variables...
2026/03/24 22:26:38 [yellow]No event.sql file found, skipping
2026/03/24 22:26:38 Session variables restored successfully
2026/03/24 22:26:38 === IMPORT COMPLETED SUCCESSFULLY ===
2026/03/24 22:26:38 [green]Import completed successfully!
2026/03/24 22:28:41 Starting import...

2026/03/24 22:28:41 === IMPORT STARTED ===
2026/03/24 22:28:41 Importing database: mutual_f
2026/03/24 22:28:41 Connecting to database...
2026/03/24 22:28:41 Database connection established
2026/03/24 22:28:41 Setting session variables for import...
2026/03/24 22:28:41 Session variables set successfully
2026/03/24 22:28:41 Looking for latest export folder...
2026/03/24 22:28:41 findLatestExportFolder: Starting search
2026/03/24 22:28:41 Looking for export folder at: export
2026/03/24 22:28:41 Found 3 entries in export folder
2026/03/24 22:28:41 Checking folder: 2026-03-24_022117
2026/03/24 22:28:41   Checking for database folder: export/2026-03-24_022117/mutual_f
2026/03/24 22:28:41   Database folder not found: stat export/2026-03-24_022117/mutual_f: no such file or directory
2026/03/24 22:28:41 Checking folder: 2026-03-24_205538
2026/03/24 22:28:41   Checking for database folder: export/2026-03-24_205538/mutual_f
2026/03/24 22:28:41   Database folder not found: stat export/2026-03-24_205538/mutual_f: no such file or directory
2026/03/24 22:28:41 Checking folder: 2026-03-24_221407
2026/03/24 22:28:41   Checking for database folder: export/2026-03-24_221407/mutual_f
2026/03/24 22:28:41   Found database folder: export/2026-03-24_221407/mutual_f
2026/03/24 22:28:41   Found 7 SQL files
2026/03/24 22:28:41   Adding valid folder: export/2026-03-24_221407
2026/03/24 22:28:41 Found 1 valid folders, latest is: export/2026-03-24_221407
2026/03/24 22:28:41   1: export/2026-03-24_221407
2026/03/24 22:28:41 Found export folder: export/2026-03-24_221407
2026/03/24 22:28:41 Looking for database folder: export/2026-03-24_221407/mutual_f
2026/03/24 22:28:41 Database folder found: export/2026-03-24_221407/mutual_f
2026/03/24 22:28:41 [green]Found export folder: 2026-03-24_221407
2026/03/24 22:28:41 Found 7 SQL files in database folder:
2026/03/24 22:28:41   - 20260324_221407_event.sql.gz
2026/03/24 22:28:41   - 20260324_221407_function.sql.gz
2026/03/24 22:28:41   - 20260324_221407_procedure.sql.gz
2026/03/24 22:28:41   - 20260324_221407_table.sql.gz
2026/03/24 22:28:41   - 20260324_221407_trigger.sql.gz
2026/03/24 22:28:41   - 20260324_221407_view.sql.gz
2026/03/24 22:28:41   - 20260324_221407_viewddl.sql.gz
2026/03/24 22:28:41 Starting import of 7 file types
2026/03/24 22:28:41 Processing file type: table.sql
2026/03/24 22:28:41 Looking for files matching: export/2026-03-24_221407/mutual_f/*_table.sql
2026/03/24 22:28:41 Found 1 file(s) for table.sql
2026/03/24 22:28:41 Processing file 1/1: 20260324_221407_table.sql
2026/03/24 22:28:41 Reading gzipped file: export/2026-03-24_221407/mutual_f/20260324_221407_table.sql
2026/03/24 22:28:41 ERROR: Failed to create gzip reader: gzip: invalid header
2026/03/24 22:28:41 ERROR: Failed to read export/2026-03-24_221407/mutual_f/20260324_221407_table.sql: gzip: invalid header
2026/03/24 22:28:41 Processing file type: viewddl.sql
2026/03/24 22:28:41 [red]Failed to read table.sql: gzip: invalid header
2026/03/24 22:28:41 Looking for files matching: export/2026-03-24_221407/mutual_f/*_viewddl.sql
2026/03/24 22:28:41 Found 1 file(s) for viewddl.sql
2026/03/24 22:28:41 Processing file 1/1: 20260324_221407_viewddl.sql
2026/03/24 22:28:41 Reading gzipped file: export/2026-03-24_221407/mutual_f/20260324_221407_viewddl.sql
2026/03/24 22:28:41 [blue]Importing viewddl.sql...
2026/03/24 22:28:41 ERROR: Failed to create gzip reader: gzip: invalid header
2026/03/24 22:28:41 ERROR: Failed to read export/2026-03-24_221407/mutual_f/20260324_221407_viewddl.sql: gzip: invalid header
2026/03/24 22:28:41 Processing file type: view.sql
2026/03/24 22:28:41 [red]Failed to read viewddl.sql: gzip: invalid header
2026/03/24 22:28:41 Looking for files matching: export/2026-03-24_221407/mutual_f/*_view.sql
2026/03/24 22:28:41 Found 1 file(s) for view.sql
2026/03/24 22:28:41 Processing file 1/1: 20260324_221407_view.sql
2026/03/24 22:28:41 Reading gzipped file: export/2026-03-24_221407/mutual_f/20260324_221407_view.sql
2026/03/24 22:28:41 [blue]Importing view.sql...
2026/03/24 22:28:41 ERROR: Failed to create gzip reader: gzip: invalid header
2026/03/24 22:28:41 ERROR: Failed to read export/2026-03-24_221407/mutual_f/20260324_221407_view.sql: gzip: invalid header
2026/03/24 22:28:41 Processing file type: procedure.sql
2026/03/24 22:28:41 [red]Failed to read view.sql: gzip: invalid header
2026/03/24 22:28:41 Looking for files matching: export/2026-03-24_221407/mutual_f/*_procedure.sql
2026/03/24 22:28:41 Found 1 file(s) for procedure.sql
2026/03/24 22:28:41 Processing file 1/1: 20260324_221407_procedure.sql
2026/03/24 22:28:41 Reading gzipped file: export/2026-03-24_221407/mutual_f/20260324_221407_procedure.sql
2026/03/24 22:28:41 ERROR: Failed to create gzip reader: gzip: invalid header
2026/03/24 22:28:41 ERROR: Failed to read export/2026-03-24_221407/mutual_f/20260324_221407_procedure.sql: gzip: invalid header
2026/03/24 22:28:41 [blue]Importing procedure.sql...
2026/03/24 22:28:41 [red]Failed to read procedure.sql: gzip: invalid header
2026/03/24 22:28:41 Processing file type: function.sql
2026/03/24 22:28:41 Looking for files matching: export/2026-03-24_221407/mutual_f/*_function.sql
2026/03/24 22:28:41 Found 1 file(s) for function.sql
2026/03/24 22:28:41 Processing file 1/1: 20260324_221407_function.sql
2026/03/24 22:28:41 Reading gzipped file: export/2026-03-24_221407/mutual_f/20260324_221407_function.sql
2026/03/24 22:28:41 ERROR: Failed to create gzip reader: gzip: invalid header
2026/03/24 22:28:41 ERROR: Failed to read export/2026-03-24_221407/mutual_f/20260324_221407_function.sql: gzip: invalid header
2026/03/24 22:28:41 [blue]Importing function.sql...
2026/03/24 22:28:41 [red]Failed to read function.sql: gzip: invalid header
2026/03/24 22:28:41 Processing file type: trigger.sql
2026/03/24 22:28:41 Looking for files matching: export/2026-03-24_221407/mutual_f/*_trigger.sql
2026/03/24 22:28:41 Found 1 file(s) for trigger.sql
2026/03/24 22:28:41 Processing file 1/1: 20260324_221407_trigger.sql
2026/03/24 22:28:41 Reading gzipped file: export/2026-03-24_221407/mutual_f/20260324_221407_trigger.sql
2026/03/24 22:28:41 [blue]Importing trigger.sql...
2026/03/24 22:28:41 ERROR: Failed to create gzip reader: gzip: invalid header
2026/03/24 22:28:41 ERROR: Failed to read export/2026-03-24_221407/mutual_f/20260324_221407_trigger.sql: gzip: invalid header
2026/03/24 22:28:41 Processing file type: event.sql
2026/03/24 22:28:41 [red]Failed to read trigger.sql: gzip: invalid header
2026/03/24 22:28:41 Looking for files matching: export/2026-03-24_221407/mutual_f/*_event.sql
2026/03/24 22:28:41 Found 1 file(s) for event.sql
2026/03/24 22:28:41 Processing file 1/1: 20260324_221407_event.sql
2026/03/24 22:28:41 Reading gzipped file: export/2026-03-24_221407/mutual_f/20260324_221407_event.sql
2026/03/24 22:28:41 [blue]Importing event.sql...
2026/03/24 22:28:41 ERROR: Failed to create gzip reader: gzip: invalid header
2026/03/24 22:28:41 ERROR: Failed to read export/2026-03-24_221407/mutual_f/20260324_221407_event.sql: gzip: invalid header
2026/03/24 22:28:41 Restoring session variables...
2026/03/24 22:28:41 Session variables restored successfully
2026/03/24 22:28:41 === IMPORT COMPLETED SUCCESSFULLY ===
2026/03/24 22:28:41 [green]Import completed successfully!
2026/03/24 22:28:43 Starting import...

2026/03/24 22:28:43 === IMPORT STARTED ===
2026/03/24 22:28:43 Importing database: mutual_f
2026/03/24 22:28:43 Connecting to database...
2026/03/24 22:28:43 Database connection established
2026/03/24 22:28:43 Setting session variables for import...
2026/03/24 22:28:43 Session variables set successfully
2026/03/24 22:28:43 Looking for latest export folder...
2026/03/24 22:28:43 findLatestExportFolder: Starting search
2026/03/24 22:28:43 Looking for export folder at: export
2026/03/24 22:28:43 Found 3 entries in export folder
2026/03/24 22:28:43 Checking folder: 2026-03-24_022117
2026/03/24 22:28:43   Checking for database folder: export/2026-03-24_022117/mutual_f
2026/03/24 22:28:43   Database folder not found: stat export/2026-03-24_022117/mutual_f: no such file or directory
2026/03/24 22:28:43 Checking folder: 2026-03-24_205538
2026/03/24 22:28:43   Checking for database folder: export/2026-03-24_205538/mutual_f
2026/03/24 22:28:43   Database folder not found: stat export/2026-03-24_205538/mutual_f: no such file or directory
2026/03/24 22:28:43 Checking folder: 2026-03-24_221407
2026/03/24 22:28:43   Checking for database folder: export/2026-03-24_221407/mutual_f
2026/03/24 22:28:43   Found database folder: export/2026-03-24_221407/mutual_f
2026/03/24 22:28:43   Found 7 SQL files
2026/03/24 22:28:43   Adding valid folder: export/2026-03-24_221407
2026/03/24 22:28:43 Found 1 valid folders, latest is: export/2026-03-24_221407
2026/03/24 22:28:43   1: export/2026-03-24_221407
2026/03/24 22:28:43 Found export folder: export/2026-03-24_221407
2026/03/24 22:28:43 Looking for database folder: export/2026-03-24_221407/mutual_f
2026/03/24 22:28:43 Database folder found: export/2026-03-24_221407/mutual_f
2026/03/24 22:28:43 Found 7 SQL files in database folder:
2026/03/24 22:28:43 [green]Found export folder: 2026-03-24_221407
2026/03/24 22:28:43   - 20260324_221407_event.sql.gz
2026/03/24 22:28:43   - 20260324_221407_function.sql.gz
2026/03/24 22:28:43   - 20260324_221407_procedure.sql.gz
2026/03/24 22:28:43   - 20260324_221407_table.sql.gz
2026/03/24 22:28:43   - 20260324_221407_trigger.sql.gz
2026/03/24 22:28:43   - 20260324_221407_view.sql.gz
2026/03/24 22:28:43   - 20260324_221407_viewddl.sql.gz
2026/03/24 22:28:43 Starting import of 7 file types
2026/03/24 22:28:43 Processing file type: table.sql
2026/03/24 22:28:43 Looking for files matching: export/2026-03-24_221407/mutual_f/*_table.sql
2026/03/24 22:28:43 Found 1 file(s) for table.sql
2026/03/24 22:28:43 Processing file 1/1: 20260324_221407_table.sql
2026/03/24 22:28:43 Reading gzipped file: export/2026-03-24_221407/mutual_f/20260324_221407_table.sql
2026/03/24 22:28:43 ERROR: Failed to create gzip reader: gzip: invalid header
2026/03/24 22:28:43 ERROR: Failed to read export/2026-03-24_221407/mutual_f/20260324_221407_table.sql: gzip: invalid header
2026/03/24 22:28:43 Processing file type: viewddl.sql
2026/03/24 22:28:43 [red]Failed to read table.sql: gzip: invalid header
2026/03/24 22:28:43 Looking for files matching: export/2026-03-24_221407/mutual_f/*_viewddl.sql
2026/03/24 22:28:43 Found 1 file(s) for viewddl.sql
2026/03/24 22:28:43 Processing file 1/1: 20260324_221407_viewddl.sql
2026/03/24 22:28:43 Reading gzipped file: export/2026-03-24_221407/mutual_f/20260324_221407_viewddl.sql
2026/03/24 22:28:43 [blue]Importing viewddl.sql...
2026/03/24 22:28:43 ERROR: Failed to create gzip reader: gzip: invalid header
2026/03/24 22:28:43 ERROR: Failed to read export/2026-03-24_221407/mutual_f/20260324_221407_viewddl.sql: gzip: invalid header
2026/03/24 22:28:43 Processing file type: view.sql
2026/03/24 22:28:43 Looking for files matching: export/2026-03-24_221407/mutual_f/*_view.sql
2026/03/24 22:28:43 [red]Failed to read viewddl.sql: gzip: invalid header
2026/03/24 22:28:43 Found 1 file(s) for view.sql
2026/03/24 22:28:43 Processing file 1/1: 20260324_221407_view.sql
2026/03/24 22:28:43 Reading gzipped file: export/2026-03-24_221407/mutual_f/20260324_221407_view.sql
2026/03/24 22:28:43 [blue]Importing view.sql...
2026/03/24 22:28:43 ERROR: Failed to create gzip reader: gzip: invalid header
2026/03/24 22:28:43 ERROR: Failed to read export/2026-03-24_221407/mutual_f/20260324_221407_view.sql: gzip: invalid header
2026/03/24 22:28:43 Processing file type: procedure.sql
2026/03/24 22:28:43 [red]Failed to read view.sql: gzip: invalid header
2026/03/24 22:28:43 Looking for files matching: export/2026-03-24_221407/mutual_f/*_procedure.sql
2026/03/24 22:28:43 Found 1 file(s) for procedure.sql
2026/03/24 22:28:43 Processing file 1/1: 20260324_221407_procedure.sql
2026/03/24 22:28:43 Reading gzipped file: export/2026-03-24_221407/mutual_f/20260324_221407_procedure.sql
2026/03/24 22:28:43 [blue]Importing procedure.sql...
2026/03/24 22:28:43 ERROR: Failed to create gzip reader: gzip: invalid header
2026/03/24 22:28:43 ERROR: Failed to read export/2026-03-24_221407/mutual_f/20260324_221407_procedure.sql: gzip: invalid header
2026/03/24 22:28:43 Processing file type: function.sql
2026/03/24 22:28:43 [red]Failed to read procedure.sql: gzip: invalid header
2026/03/24 22:28:43 Looking for files matching: export/2026-03-24_221407/mutual_f/*_function.sql
2026/03/24 22:28:43 Found 1 file(s) for function.sql
2026/03/24 22:28:43 Processing file 1/1: 20260324_221407_function.sql
2026/03/24 22:28:43 Reading gzipped file: export/2026-03-24_221407/mutual_f/20260324_221407_function.sql
2026/03/24 22:28:43 ERROR: Failed to create gzip reader: gzip: invalid header
2026/03/24 22:28:43 ERROR: Failed to read export/2026-03-24_221407/mutual_f/20260324_221407_function.sql: gzip: invalid header
2026/03/24 22:28:43 [blue]Importing function.sql...
2026/03/24 22:28:43 [red]Failed to read function.sql: gzip: invalid header
2026/03/24 22:28:43 Processing file type: trigger.sql
2026/03/24 22:28:43 Looking for files matching: export/2026-03-24_221407/mutual_f/*_trigger.sql
2026/03/24 22:28:43 Found 1 file(s) for trigger.sql
2026/03/24 22:28:43 Processing file 1/1: 20260324_221407_trigger.sql
2026/03/24 22:28:43 Reading gzipped file: export/2026-03-24_221407/mutual_f/20260324_221407_trigger.sql
2026/03/24 22:28:43 [blue]Importing trigger.sql...
2026/03/24 22:28:43 ERROR: Failed to create gzip reader: gzip: invalid header
2026/03/24 22:28:43 ERROR: Failed to read export/2026-03-24_221407/mutual_f/20260324_221407_trigger.sql: gzip: invalid header
2026/03/24 22:28:43 Processing file type: event.sql
2026/03/24 22:28:43 [red]Failed to read trigger.sql: gzip: invalid header
2026/03/24 22:28:43 Looking for files matching: export/2026-03-24_221407/mutual_f/*_event.sql
2026/03/24 22:28:43 Found 1 file(s) for event.sql
2026/03/24 22:28:43 Processing file 1/1: 20260324_221407_event.sql
2026/03/24 22:28:43 Reading gzipped file: export/2026-03-24_221407/mutual_f/20260324_221407_event.sql
2026/03/24 22:28:43 ERROR: Failed to create gzip reader: gzip: invalid header
2026/03/24 22:28:43 ERROR: Failed to read export/2026-03-24_221407/mutual_f/20260324_221407_event.sql: gzip: invalid header
2026/03/24 22:28:43 [blue]Importing event.sql...
2026/03/24 22:28:43 Restoring session variables...
2026/03/24 22:28:43 Session variables restored successfully
2026/03/24 22:28:43 === IMPORT COMPLETED SUCCESSFULLY ===
2026/03/24 22:28:43 [green]Import completed successfully!
2026/03/24 22:28:53 queryAllStructure: 
						SELECT table_name AS name, 'TABLE' AS type 
						FROM information_schema.tables 
						WHERE table_schema = 'mutual_f' AND table_type = 'BASE TABLE'

						UNION ALL

						SELECT table_name AS name, 'VIEW' AS type 
						FROM information_schema.tables 
						WHERE table_schema = 'mutual_f' AND table_type = 'VIEW'

						UNION ALL

						SELECT routine_name AS name, 'PROCEDURE' AS type 
						FROM information_schema.routines 
						WHERE routine_schema = 'mutual_f' AND routine_type = 'PROCEDURE'

						UNION ALL

						SELECT routine_name AS name, 'FUNCTION' AS type 
						FROM information_schema.routines 
						WHERE routine_schema = 'mutual_f' AND routine_type = 'FUNCTION'

						UNION ALL

						SELECT trigger_name AS name, 'TRIGGER' AS type 
						FROM information_schema.triggers 
						WHERE trigger_schema = 'mutual_f'

						UNION ALL

						SELECT event_name AS name, 'EVENT' AS type 
						FROM information_schema.events 
						WHERE event_schema = 'mutual_f';
2026/03/24 22:28:54 TABLE,VIEW: SELECT * FROM m1 LIMIT 100
2026/03/24 22:28:54  KEYS error Error getting primary key column: sql: no rows in result set
2026/03/24 22:28:54 dbName: mutual_f
2026/03/24 22:28:54 tableName: m1
2026/03/24 22:28:54 Query: 
	SELECT COLUMN_NAME
	FROM INFORMATION_SCHEMA.COLUMNS
	WHERE TABLE_SCHEMA = ?
	  AND TABLE_NAME = ?
	  AND COLUMN_KEY = 'PRI'
	LIMIT 1
	
2026/03/24 22:28:54 PrimaryKey: 
2026/03/24 22:28:54 Error: sql: no rows in result set
2026/03/24 22:28:54 tableName: m1
2026/03/24 22:28:54 dbName: mutual_f
2026/03/24 22:28:54 Error getting primary key column: sql: no rows in result set
2026/03/24 22:33:01 queryAllStructure: 
						SELECT table_name AS name, 'TABLE' AS type 
						FROM information_schema.tables 
						WHERE table_schema = 'mutual_f' AND table_type = 'BASE TABLE'

						UNION ALL

						SELECT table_name AS name, 'VIEW' AS type 
						FROM information_schema.tables 
						WHERE table_schema = 'mutual_f' AND table_type = 'VIEW'

						UNION ALL

						SELECT routine_name AS name, 'PROCEDURE' AS type 
						FROM information_schema.routines 
						WHERE routine_schema = 'mutual_f' AND routine_type = 'PROCEDURE'

						UNION ALL

						SELECT routine_name AS name, 'FUNCTION' AS type 
						FROM information_schema.routines 
						WHERE routine_schema = 'mutual_f' AND routine_type = 'FUNCTION'

						UNION ALL

						SELECT trigger_name AS name, 'TRIGGER' AS type 
						FROM information_schema.triggers 
						WHERE trigger_schema = 'mutual_f'

						UNION ALL

						SELECT event_name AS name, 'EVENT' AS type 
						FROM information_schema.events 
						WHERE event_schema = 'mutual_f';
2026/03/24 22:33:01 TABLE,VIEW: SELECT * FROM m1 LIMIT 100
2026/03/24 22:33:01  KEYS error Error getting primary key column: sql: no rows in result set
2026/03/24 22:33:01 dbName: mutual_f
2026/03/24 22:33:01 tableName: m1
2026/03/24 22:33:01 Query: 
	SELECT COLUMN_NAME
	FROM INFORMATION_SCHEMA.COLUMNS
	WHERE TABLE_SCHEMA = ?
	  AND TABLE_NAME = ?
	  AND COLUMN_KEY = 'PRI'
	LIMIT 1
	
2026/03/24 22:33:01 PrimaryKey: 
2026/03/24 22:33:01 Error: sql: no rows in result set
2026/03/24 22:33:01 tableName: m1
2026/03/24 22:33:01 dbName: mutual_f
2026/03/24 22:33:01 Error getting primary key column: sql: no rows in result set
2026/03/24 22:33:02 Starting import...

2026/03/24 22:33:02 === IMPORT STARTED ===
2026/03/24 22:33:02 Importing database: mutual_f
2026/03/24 22:33:02 Connecting to database...
2026/03/24 22:33:02 Database connection established
2026/03/24 22:33:02 Setting session variables for import...
2026/03/24 22:33:02 Session variables set successfully
2026/03/24 22:33:02 Looking for latest export folder...
2026/03/24 22:33:02 findLatestExportFolder: Starting search
2026/03/24 22:33:02 Looking for export folder at: export
2026/03/24 22:33:02 Found 3 entries in export folder
2026/03/24 22:33:02 Checking folder: 2026-03-24_022117
2026/03/24 22:33:02   Checking for database folder: export/2026-03-24_022117/mutual_f
2026/03/24 22:33:02   Database folder not found: stat export/2026-03-24_022117/mutual_f: no such file or directory
2026/03/24 22:33:02 Checking folder: 2026-03-24_205538
2026/03/24 22:33:02   Checking for database folder: export/2026-03-24_205538/mutual_f
2026/03/24 22:33:02   Database folder not found: stat export/2026-03-24_205538/mutual_f: no such file or directory
2026/03/24 22:33:02 Checking folder: 2026-03-24_221407
2026/03/24 22:33:02   Checking for database folder: export/2026-03-24_221407/mutual_f
2026/03/24 22:33:02   Found database folder: export/2026-03-24_221407/mutual_f
2026/03/24 22:33:02   Found 7 SQL files
2026/03/24 22:33:02   Adding valid folder: export/2026-03-24_221407
2026/03/24 22:33:02 Found 1 valid folders, latest is: export/2026-03-24_221407
2026/03/24 22:33:02   1: export/2026-03-24_221407
2026/03/24 22:33:02 Found export folder: export/2026-03-24_221407
2026/03/24 22:33:02 Looking for database folder: export/2026-03-24_221407/mutual_f
2026/03/24 22:33:02 Database folder found: export/2026-03-24_221407/mutual_f
2026/03/24 22:33:02 [green]Found export folder: 2026-03-24_221407
2026/03/24 22:33:02 Found 7 SQL files in database folder:
2026/03/24 22:33:02   - 20260324_221407_event.sql.gz
2026/03/24 22:33:02   - 20260324_221407_function.sql.gz
2026/03/24 22:33:02   - 20260324_221407_procedure.sql.gz
2026/03/24 22:33:02   - 20260324_221407_table.sql.gz
2026/03/24 22:33:02   - 20260324_221407_trigger.sql.gz
2026/03/24 22:33:02   - 20260324_221407_view.sql.gz
2026/03/24 22:33:02   - 20260324_221407_viewddl.sql.gz
2026/03/24 22:33:02 Starting import of 7 file types
2026/03/24 22:33:02 Processing file type: table.sql
2026/03/24 22:33:02 Looking for files matching: export/2026-03-24_221407/mutual_f/*_table.sql.gz
2026/03/24 22:33:02 Found 1 file(s) for table.sql
2026/03/24 22:33:02 Processing file 1/1: 20260324_221407_table.sql.gz
2026/03/24 22:33:02 Reading gzipped file: export/2026-03-24_221407/mutual_f/20260324_221407_table.sql.gz
2026/03/24 22:33:02 Successfully read 1969066 bytes from 20260324_221407_table.sql.gz
2026/03/24 22:33:02 Successfully read 20260324_221407_table.sql.gz, size: 1969066 bytes
2026/03/24 22:33:02 Split into 51 SQL statements
2026/03/24 22:33:02 Executing statement 1: SET @OLD_CHARACTER_SET_CLIENT = @@CHARACTER_SET_CLIENT
2026/03/24 22:33:02 Statement 1: executed successfully
2026/03/24 22:33:02 Executing statement 2: SET @OLD_CHARACTER_SET_RESULTS = @@CHARACTER_SET_RESULTS
2026/03/24 22:33:02 Statement 2: executed successfully
2026/03/24 22:33:02 Executing statement 3: SET @OLD_COLLATION_CONNECTION = @@COLLATION_CONNECTION
2026/03/24 22:33:02 Statement 3: executed successfully
2026/03/24 22:33:04 Completed table.sql: 51 success, 0 errors
2026/03/24 22:33:04 Processing file type: viewddl.sql
2026/03/24 22:33:04 Looking for files matching: export/2026-03-24_221407/mutual_f/*_viewddl.sql.gz
2026/03/24 22:33:04 [green]Imported table.sql: 51 statements executed [14.3%] (ETA 6s)
2026/03/24 22:33:04 Found 1 file(s) for viewddl.sql
2026/03/24 22:33:04 Processing file 1/1: 20260324_221407_viewddl.sql.gz
2026/03/24 22:33:04 Reading gzipped file: export/2026-03-24_221407/mutual_f/20260324_221407_viewddl.sql.gz
2026/03/24 22:33:04 Successfully read 1532 bytes from 20260324_221407_viewddl.sql.gz
2026/03/24 22:33:04 Successfully read 20260324_221407_viewddl.sql.gz, size: 1532 bytes
2026/03/24 22:33:04 Split into 19 SQL statements
2026/03/24 22:33:04 Executing statement 1: SET @OLD_CHARACTER_SET_CLIENT = @@CHARACTER_SET_CLIENT
2026/03/24 22:33:04 Statement 1: executed successfully
2026/03/24 22:33:04 Executing statement 2: SET @OLD_CHARACTER_SET_RESULTS = @@CHARACTER_SET_RESULTS
2026/03/24 22:33:04 Statement 2: executed successfully
2026/03/24 22:33:04 Executing statement 3: SET @OLD_COLLATION_CONNECTION = @@COLLATION_CONNECTION
2026/03/24 22:33:04 Statement 3: executed successfully
2026/03/24 22:33:04 Completed viewddl.sql: 19 success, 0 errors
2026/03/24 22:33:04 Processing file type: view.sql
2026/03/24 22:33:04 [green]Imported viewddl.sql: 19 statements executed [28.6%] (ETA 2s)
2026/03/24 22:33:04 Looking for files matching: export/2026-03-24_221407/mutual_f/*_view.sql.gz
2026/03/24 22:33:04 Found 1 file(s) for view.sql
2026/03/24 22:33:04 Processing file 1/1: 20260324_221407_view.sql.gz
2026/03/24 22:33:04 Reading gzipped file: export/2026-03-24_221407/mutual_f/20260324_221407_view.sql.gz
2026/03/24 22:33:04 Successfully read 1532 bytes from 20260324_221407_view.sql.gz
2026/03/24 22:33:04 Successfully read 20260324_221407_view.sql.gz, size: 1532 bytes
2026/03/24 22:33:04 Split into 19 SQL statements
2026/03/24 22:33:04 Executing statement 1: SET @OLD_CHARACTER_SET_CLIENT = @@CHARACTER_SET_CLIENT
2026/03/24 22:33:04 Statement 1: executed successfully
2026/03/24 22:33:04 Executing statement 2: SET @OLD_CHARACTER_SET_RESULTS = @@CHARACTER_SET_RESULTS
2026/03/24 22:33:04 Statement 2: executed successfully
2026/03/24 22:33:04 Executing statement 3: SET @OLD_COLLATION_CONNECTION = @@COLLATION_CONNECTION
2026/03/24 22:33:04 Statement 3: executed successfully
2026/03/24 22:33:04 Completed view.sql: 19 success, 0 errors
2026/03/24 22:33:04 Processing file type: procedure.sql
2026/03/24 22:33:04 [green]Imported view.sql: 19 statements executed [42.9%] (ETA 1s)
2026/03/24 22:33:04 Looking for files matching: export/2026-03-24_221407/mutual_f/*_procedure.sql.gz
2026/03/24 22:33:04 Found 1 file(s) for procedure.sql
2026/03/24 22:33:04 Processing file 1/1: 20260324_221407_procedure.sql.gz
2026/03/24 22:33:04 Reading gzipped file: export/2026-03-24_221407/mutual_f/20260324_221407_procedure.sql.gz
2026/03/24 22:33:04 Successfully read 1532 bytes from 20260324_221407_procedure.sql.gz
2026/03/24 22:33:04 Successfully read 20260324_221407_procedure.sql.gz, size: 1532 bytes
2026/03/24 22:33:04 Split into 19 SQL statements
2026/03/24 22:33:04 Executing statement 1: SET @OLD_CHARACTER_SET_CLIENT = @@CHARACTER_SET_CLIENT
2026/03/24 22:33:04 Statement 1: executed successfully
2026/03/24 22:33:04 Executing statement 2: SET @OLD_CHARACTER_SET_RESULTS = @@CHARACTER_SET_RESULTS
2026/03/24 22:33:04 Statement 2: executed successfully
2026/03/24 22:33:04 Executing statement 3: SET @OLD_COLLATION_CONNECTION = @@COLLATION_CONNECTION
2026/03/24 22:33:04 Statement 3: executed successfully
2026/03/24 22:33:04 Completed procedure.sql: 19 success, 0 errors
2026/03/24 22:33:04 Processing file type: function.sql
2026/03/24 22:33:04 Looking for files matching: export/2026-03-24_221407/mutual_f/*_function.sql.gz
2026/03/24 22:33:04 [green]Imported procedure.sql: 19 statements executed [57.1%] (ETA 0s)
2026/03/24 22:33:04 Found 1 file(s) for function.sql
2026/03/24 22:33:04 Processing file 1/1: 20260324_221407_function.sql.gz
2026/03/24 22:33:04 Reading gzipped file: export/2026-03-24_221407/mutual_f/20260324_221407_function.sql.gz
2026/03/24 22:33:04 Successfully read 1532 bytes from 20260324_221407_function.sql.gz
2026/03/24 22:33:04 Successfully read 20260324_221407_function.sql.gz, size: 1532 bytes
2026/03/24 22:33:04 Split into 19 SQL statements
2026/03/24 22:33:04 Executing statement 1: SET @OLD_CHARACTER_SET_CLIENT = @@CHARACTER_SET_CLIENT
2026/03/24 22:33:04 Statement 1: executed successfully
2026/03/24 22:33:04 Executing statement 2: SET @OLD_CHARACTER_SET_RESULTS = @@CHARACTER_SET_RESULTS
2026/03/24 22:33:04 Statement 2: executed successfully
2026/03/24 22:33:04 Executing statement 3: SET @OLD_COLLATION_CONNECTION = @@COLLATION_CONNECTION
2026/03/24 22:33:04 Statement 3: executed successfully
2026/03/24 22:33:04 Completed function.sql: 19 success, 0 errors
2026/03/24 22:33:04 Processing file type: trigger.sql
2026/03/24 22:33:04 [green]Imported function.sql: 19 statements executed [71.4%] (ETA 0s)
2026/03/24 22:33:04 Looking for files matching: export/2026-03-24_221407/mutual_f/*_trigger.sql.gz
2026/03/24 22:33:04 Found 1 file(s) for trigger.sql
2026/03/24 22:33:04 Processing file 1/1: 20260324_221407_trigger.sql.gz
2026/03/24 22:33:04 Reading gzipped file: export/2026-03-24_221407/mutual_f/20260324_221407_trigger.sql.gz
2026/03/24 22:33:04 Successfully read 1532 bytes from 20260324_221407_trigger.sql.gz
2026/03/24 22:33:04 Successfully read 20260324_221407_trigger.sql.gz, size: 1532 bytes
2026/03/24 22:33:04 Split into 19 SQL statements
2026/03/24 22:33:04 Executing statement 1: SET @OLD_CHARACTER_SET_CLIENT = @@CHARACTER_SET_CLIENT
2026/03/24 22:33:04 Statement 1: executed successfully
2026/03/24 22:33:04 Executing statement 2: SET @OLD_CHARACTER_SET_RESULTS = @@CHARACTER_SET_RESULTS
2026/03/24 22:33:04 Statement 2: executed successfully
2026/03/24 22:33:04 Executing statement 3: SET @OLD_COLLATION_CONNECTION = @@COLLATION_CONNECTION
2026/03/24 22:33:04 Statement 3: executed successfully
2026/03/24 22:33:04 Completed trigger.sql: 19 success, 0 errors
2026/03/24 22:33:04 Processing file type: event.sql
2026/03/24 22:33:04 [green]Imported trigger.sql: 19 statements executed [85.7%] (ETA 0s)
2026/03/24 22:33:04 Looking for files matching: export/2026-03-24_221407/mutual_f/*_event.sql.gz
2026/03/24 22:33:04 Found 1 file(s) for event.sql
2026/03/24 22:33:04 Processing file 1/1: 20260324_221407_event.sql.gz
2026/03/24 22:33:04 Reading gzipped file: export/2026-03-24_221407/mutual_f/20260324_221407_event.sql.gz
2026/03/24 22:33:04 Successfully read 1532 bytes from 20260324_221407_event.sql.gz
2026/03/24 22:33:04 Successfully read 20260324_221407_event.sql.gz, size: 1532 bytes
2026/03/24 22:33:04 Split into 19 SQL statements
2026/03/24 22:33:04 Executing statement 1: SET @OLD_CHARACTER_SET_CLIENT = @@CHARACTER_SET_CLIENT
2026/03/24 22:33:04 Statement 1: executed successfully
2026/03/24 22:33:04 Executing statement 2: SET @OLD_CHARACTER_SET_RESULTS = @@CHARACTER_SET_RESULTS
2026/03/24 22:33:04 Statement 2: executed successfully
2026/03/24 22:33:04 Executing statement 3: SET @OLD_COLLATION_CONNECTION = @@COLLATION_CONNECTION
2026/03/24 22:33:04 Statement 3: executed successfully
2026/03/24 22:33:04 Completed event.sql: 19 success, 0 errors
2026/03/24 22:33:04 Restoring session variables...
2026/03/24 22:33:04 [green]Imported event.sql: 19 statements executed [100.0%] (ETA 0s)
2026/03/24 22:33:04 Session variables restored successfully
2026/03/24 22:33:04 === IMPORT COMPLETED SUCCESSFULLY ===
2026/03/24 22:35:13 queryAllStructure: 
						SELECT table_name AS name, 'TABLE' AS type 
						FROM information_schema.tables 
						WHERE table_schema = 'mutual_f' AND table_type = 'BASE TABLE'

						UNION ALL

						SELECT table_name AS name, 'VIEW' AS type 
						FROM information_schema.tables 
						WHERE table_schema = 'mutual_f' AND table_type = 'VIEW'

						UNION ALL

						SELECT routine_name AS name, 'PROCEDURE' AS type 
						FROM information_schema.routines 
						WHERE routine_schema = 'mutual_f' AND routine_type = 'PROCEDURE'

						UNION ALL

						SELECT routine_name AS name, 'FUNCTION' AS type 
						FROM information_schema.routines 
						WHERE routine_schema = 'mutual_f' AND routine_type = 'FUNCTION'

						UNION ALL

						SELECT trigger_name AS name, 'TRIGGER' AS type 
						FROM information_schema.triggers 
						WHERE trigger_schema = 'mutual_f'

						UNION ALL

						SELECT event_name AS name, 'EVENT' AS type 
						FROM information_schema.events 
						WHERE event_schema = 'mutual_f';
2026/03/24 22:37:52 queryAllStructure: 
						SELECT table_name AS name, 'TABLE' AS type 
						FROM information_schema.tables 
						WHERE table_schema = 'tens_tensormoney' AND table_type = 'BASE TABLE'

						UNION ALL

						SELECT table_name AS name, 'VIEW' AS type 
						FROM information_schema.tables 
						WHERE table_schema = 'tens_tensormoney' AND table_type = 'VIEW'

						UNION ALL

						SELECT routine_name AS name, 'PROCEDURE' AS type 
						FROM information_schema.routines 
						WHERE routine_schema = 'tens_tensormoney' AND routine_type = 'PROCEDURE'

						UNION ALL

						SELECT routine_name AS name, 'FUNCTION' AS type 
						FROM information_schema.routines 
						WHERE routine_schema = 'tens_tensormoney' AND routine_type = 'FUNCTION'

						UNION ALL

						SELECT trigger_name AS name, 'TRIGGER' AS type 
						FROM information_schema.triggers 
						WHERE trigger_schema = 'tens_tensormoney'

						UNION ALL

						SELECT event_name AS name, 'EVENT' AS type 
						FROM information_schema.events 
						WHERE event_schema = 'tens_tensormoney';
2026/03/24 22:37:54 TABLE,VIEW: SELECT * FROM permissions LIMIT 100
2026/03/24 22:37:58 Exporting 62 objects...

2026/03/24 22:38:00 [green]Exported TABLE     : mf_sub_categories              [1.6%] (ETA 1m16s)
2026/03/24 22:38:00 [green]Exported TABLE     : fund_schemes                   [4.8%] (ETA 27s)
2026/03/24 22:38:00 [green]Exported TABLE     : fund_categories                [8.1%] (ETA 18s)
2026/03/24 22:38:00 [green]Exported TABLE     : investment_types               [11.3%] (ETA 13s)
2026/03/24 22:38:00 [green]Exported TABLE     : mf_scheme_fund_managers        [14.5%] (ETA 11s)
2026/03/24 22:38:00 [green]Exported TABLE     : branch_repos                   [17.7%] (ETA 9s)
2026/03/24 22:38:01 [green]Exported TABLE     : portfolio_summaries            [21.0%] (ETA 8s)
2026/03/24 22:38:01 [green]Exported TABLE     : permissions                    [24.2%] (ETA 7s)
2026/03/24 22:38:01 [green]Exported TABLE     : bse_index_stats                [25.8%] (ETA 7s)
2026/03/24 22:38:01 [green]Exported TABLE     : fund_a_u_m_s                   [29.0%] (ETA 6s)
2026/03/24 22:38:01 [green]Exported TABLE     : equity_thematic_benchmarks     [32.3%] (ETA 6s)
2026/03/24 22:38:01 [green]Exported TABLE     : bank_repos                     [33.9%] (ETA 5s)
2026/03/24 22:38:02 [green]Exported TABLE     : equity_sectoral_benchmarks     [37.1%] (ETA 5s)
2026/03/24 22:38:02 [green]Exported TABLE     : jobs                           [40.3%] (ETA 5s)
2026/03/24 22:38:04 [green]Exported TABLE     : portfolio_holdings_bk_2026_mar_18_1227am [43.5%] (ETA 6s)
2026/03/24 22:38:04 [green]Exported TABLE     : fund_managers                  [46.8%] (ETA 6s)
2026/03/24 22:38:05 [green]Exported TABLE     : cache_locks                    [50.0%] (ETA 6s)
2026/03/24 22:38:05 [green]Exported TABLE     : job_batches                    [53.2%] (ETA 5s)
2026/03/24 22:38:06 [green]Exported TABLE     : mf_schemes                     [56.5%] (ETA 5s)
2026/03/24 22:38:08 [green]Exported TABLE     : failed_jobs                    [59.7%] (ETA 6s)
2026/03/24 22:38:08 [green]Exported TABLE     : mf_categories                  [62.9%] (ETA 5s)
2026/03/24 22:38:09 [green]Exported TABLE     : sebi_market_cap                [66.1%] (ETA 5s)
2026/03/24 22:38:09 [green]Exported TABLE     : model_has_permissions          [69.4%] (ETA 4s)
2026/03/24 22:38:09 [green]Exported TABLE     : telescope_monitoring           [72.6%] (ETA 4s)
2026/03/24 22:38:10 [green]Exported TABLE     : amc_location_infos             [75.8%] (ETA 3s)
2026/03/24 22:38:10 [green]Exported TABLE     : debt_scheme_benchmarks         [79.0%] (ETA 3s)
2026/03/24 22:38:15 [green]Exported TABLE     : companies_master               [82.3%] (ETA 3s)
2026/03/24 22:38:15 [green]Exported TABLE     : personal_access_tokens         [85.5%] (ETA 2s)
2026/03/24 22:38:18 [green]Exported TABLE     : scheme_information             [88.7%] (ETA 2s)
2026/03/24 22:39:41 [green]Exported TABLE     : amfi_scheme_update_tracker     [91.9%] (ETA 9s)
2026/03/24 22:41:30 [green]Exported TABLE     : mutual_fund_performances       [95.2%] (ETA 10s)
2026/03/24 23:08:43 [green]Exported TABLE     : daily_navs                     [98.4%] (ETA 30s)
2026/03/25 00:24:19 queryAllStructure: 
						SELECT table_name AS name, 'TABLE' AS type 
						FROM information_schema.tables 
						WHERE table_schema = 'tens_tensormoney1' AND table_type = 'BASE TABLE'

						UNION ALL

						SELECT table_name AS name, 'VIEW' AS type 
						FROM information_schema.tables 
						WHERE table_schema = 'tens_tensormoney1' AND table_type = 'VIEW'

						UNION ALL

						SELECT routine_name AS name, 'PROCEDURE' AS type 
						FROM information_schema.routines 
						WHERE routine_schema = 'tens_tensormoney1' AND routine_type = 'PROCEDURE'

						UNION ALL

						SELECT routine_name AS name, 'FUNCTION' AS type 
						FROM information_schema.routines 
						WHERE routine_schema = 'tens_tensormoney1' AND routine_type = 'FUNCTION'

						UNION ALL

						SELECT trigger_name AS name, 'TRIGGER' AS type 
						FROM information_schema.triggers 
						WHERE trigger_schema = 'tens_tensormoney1'

						UNION ALL

						SELECT event_name AS name, 'EVENT' AS type 
						FROM information_schema.events 
						WHERE event_schema = 'tens_tensormoney1';
2026/03/25 00:24:20 TABLE,VIEW: SELECT * FROM m1 LIMIT 100
2026/03/25 00:24:20  KEYS error Error getting primary key column: sql: no rows in result set
2026/03/25 00:24:20 dbName: tens_tensormoney1
2026/03/25 00:24:20 tableName: m1
2026/03/25 00:24:20 Query: 
	SELECT COLUMN_NAME
	FROM INFORMATION_SCHEMA.COLUMNS
	WHERE TABLE_SCHEMA = ?
	  AND TABLE_NAME = ?
	  AND COLUMN_KEY = 'PRI'
	LIMIT 1
	
2026/03/25 00:24:20 PrimaryKey: 
2026/03/25 00:24:20 Error: sql: no rows in result set
2026/03/25 00:24:20 tableName: m1
2026/03/25 00:24:20 dbName: tens_tensormoney1
2026/03/25 00:24:20 Error getting primary key column: sql: no rows in result set
2026/03/25 00:24:21 Starting import...

2026/03/25 00:24:21 === IMPORT STARTED ===
2026/03/25 00:24:21 Importing database: tens_tensormoney1
2026/03/25 00:24:21 Connecting to database...
2026/03/25 00:24:21 Database connection established
2026/03/25 00:24:21 Setting session variables for import...
2026/03/25 00:24:21 Session variables set successfully
2026/03/25 00:24:21 Looking for latest export folder...
2026/03/25 00:24:21 findLatestExportFolder: Starting search
2026/03/25 00:24:21 Looking for export folder at: export
2026/03/25 00:24:21 Found 4 entries in export folder
2026/03/25 00:24:21 Checking folder: 2026-03-24_022117
2026/03/25 00:24:21   Checking for database folder: export/2026-03-24_022117/tens_tensormoney1
2026/03/25 00:24:21   Database folder not found: stat export/2026-03-24_022117/tens_tensormoney1: no such file or directory
2026/03/25 00:24:21 Checking folder: 2026-03-24_205538
2026/03/25 00:24:21   Checking for database folder: export/2026-03-24_205538/tens_tensormoney1
2026/03/25 00:24:21   Database folder not found: stat export/2026-03-24_205538/tens_tensormoney1: no such file or directory
2026/03/25 00:24:21 Checking folder: 2026-03-24_221407
2026/03/25 00:24:21   Checking for database folder: export/2026-03-24_221407/tens_tensormoney1
2026/03/25 00:24:21   Database folder not found: stat export/2026-03-24_221407/tens_tensormoney1: no such file or directory
2026/03/25 00:24:21 Checking folder: 2026-03-24_223758
2026/03/25 00:24:21   Checking for database folder: export/2026-03-24_223758/tens_tensormoney1
2026/03/25 00:24:21   Found database folder: export/2026-03-24_223758/tens_tensormoney1
2026/03/25 00:24:21   Found 7 SQL files
2026/03/25 00:24:21   Adding valid folder: export/2026-03-24_223758
2026/03/25 00:24:21 Found 1 valid folders, latest is: export/2026-03-24_223758
2026/03/25 00:24:21   1: export/2026-03-24_223758
2026/03/25 00:24:21 Found export folder: export/2026-03-24_223758
2026/03/25 00:24:21 Looking for database folder: export/2026-03-24_223758/tens_tensormoney1
2026/03/25 00:24:21 Database folder found: export/2026-03-24_223758/tens_tensormoney1
2026/03/25 00:24:21 Found 7 SQL files in database folder:
2026/03/25 00:24:21   - 20260324_223758_event.sql.gz
2026/03/25 00:24:21   - 20260324_223758_function.sql.gz
2026/03/25 00:24:21 [green]Found export folder: 2026-03-24_223758
2026/03/25 00:24:21   - 20260324_223758_procedure.sql.gz
2026/03/25 00:24:21   - 20260324_223758_table.sql.gz
2026/03/25 00:24:21   - 20260324_223758_trigger.sql.gz
2026/03/25 00:24:21   - 20260324_223758_view.sql.gz
2026/03/25 00:24:21   - 20260324_223758_viewddl.sql.gz
2026/03/25 00:24:21 Starting import of 7 file types
2026/03/25 00:24:21 Processing file type: table.sql
2026/03/25 00:24:21 Looking for files matching: export/2026-03-24_223758/tens_tensormoney1/*_table.sql.gz
2026/03/25 00:24:21 Found 1 file(s) for table.sql
2026/03/25 00:24:21 Processing file 1/1: 20260324_223758_table.sql.gz
2026/03/25 00:24:21 Reading gzipped file: export/2026-03-24_223758/tens_tensormoney1/20260324_223758_table.sql.gz
2026/03/25 00:34:37 queryAllStructure: 
						SELECT table_name AS name, 'TABLE' AS type 
						FROM information_schema.tables 
						WHERE table_schema = 'tens_tensormoney1' AND table_type = 'BASE TABLE'

						UNION ALL

						SELECT table_name AS name, 'VIEW' AS type 
						FROM information_schema.tables 
						WHERE table_schema = 'tens_tensormoney1' AND table_type = 'VIEW'

						UNION ALL

						SELECT routine_name AS name, 'PROCEDURE' AS type 
						FROM information_schema.routines 
						WHERE routine_schema = 'tens_tensormoney1' AND routine_type = 'PROCEDURE'

						UNION ALL

						SELECT routine_name AS name, 'FUNCTION' AS type 
						FROM information_schema.routines 
						WHERE routine_schema = 'tens_tensormoney1' AND routine_type = 'FUNCTION'

						UNION ALL

						SELECT trigger_name AS name, 'TRIGGER' AS type 
						FROM information_schema.triggers 
						WHERE trigger_schema = 'tens_tensormoney1'

						UNION ALL

						SELECT event_name AS name, 'EVENT' AS type 
						FROM information_schema.events 
						WHERE event_schema = 'tens_tensormoney1';
2026/03/25 00:34:38 TABLE,VIEW: SELECT * FROM m1 LIMIT 100
2026/03/25 00:34:38  KEYS error Error getting primary key column: sql: no rows in result set
2026/03/25 00:34:38 dbName: tens_tensormoney1
2026/03/25 00:34:38 tableName: m1
2026/03/25 00:34:38 Query: 
	SELECT COLUMN_NAME
	FROM INFORMATION_SCHEMA.COLUMNS
	WHERE TABLE_SCHEMA = ?
	  AND TABLE_NAME = ?
	  AND COLUMN_KEY = 'PRI'
	LIMIT 1
	
2026/03/25 00:34:38 PrimaryKey: 
2026/03/25 00:34:38 Error: sql: no rows in result set
2026/03/25 00:34:38 tableName: m1
2026/03/25 00:34:38 dbName: tens_tensormoney1
2026/03/25 00:34:38 Error getting primary key column: sql: no rows in result set
2026/03/25 00:34:39 Starting import...

2026/03/25 00:34:39 === IMPORT STARTED ===
2026/03/25 00:34:39 Importing database: tens_tensormoney1
2026/03/25 00:34:39 Connecting to database...
2026/03/25 00:34:39 Database connection established
2026/03/25 00:34:39 Setting session variables for import...
2026/03/25 00:34:39 Session variables set successfully
2026/03/25 00:34:39 Looking for latest export folder...
2026/03/25 00:34:39 findLatestExportFolder: Starting search
2026/03/25 00:34:39 Looking for export folder at: export
2026/03/25 00:34:39 Found 4 entries in export folder
2026/03/25 00:34:39 Checking folder: 2026-03-24_022117
2026/03/25 00:34:39   Checking for database folder: export/2026-03-24_022117/tens_tensormoney1
2026/03/25 00:34:39   Database folder not found: stat export/2026-03-24_022117/tens_tensormoney1: no such file or directory
2026/03/25 00:34:39 Checking folder: 2026-03-24_205538
2026/03/25 00:34:39   Checking for database folder: export/2026-03-24_205538/tens_tensormoney1
2026/03/25 00:34:39   Database folder not found: stat export/2026-03-24_205538/tens_tensormoney1: no such file or directory
2026/03/25 00:34:39 Checking folder: 2026-03-24_221407
2026/03/25 00:34:39   Checking for database folder: export/2026-03-24_221407/tens_tensormoney1
2026/03/25 00:34:39   Database folder not found: stat export/2026-03-24_221407/tens_tensormoney1: no such file or directory
2026/03/25 00:34:39 Checking folder: 2026-03-24_223758
2026/03/25 00:34:39   Checking for database folder: export/2026-03-24_223758/tens_tensormoney1
2026/03/25 00:34:39   Found database folder: export/2026-03-24_223758/tens_tensormoney1
2026/03/25 00:34:39   Found 7 SQL files
2026/03/25 00:34:39   Adding valid folder: export/2026-03-24_223758
2026/03/25 00:34:39 Found 1 valid folders, latest is: export/2026-03-24_223758
2026/03/25 00:34:39   1: export/2026-03-24_223758
2026/03/25 00:34:39 Found export folder: export/2026-03-24_223758
2026/03/25 00:34:39 Looking for database folder: export/2026-03-24_223758/tens_tensormoney1
2026/03/25 00:34:39 Database folder found: export/2026-03-24_223758/tens_tensormoney1
2026/03/25 00:34:39 [green]Found export folder: 2026-03-24_223758
2026/03/25 00:34:39 Found 7 SQL files in database folder:
2026/03/25 00:34:39   - 20260324_223758_event.sql.gz
2026/03/25 00:34:39   - 20260324_223758_function.sql.gz
2026/03/25 00:34:39   - 20260324_223758_procedure.sql.gz
2026/03/25 00:34:39   - 20260324_223758_table.sql.gz
2026/03/25 00:34:39   - 20260324_223758_trigger.sql.gz
2026/03/25 00:34:39   - 20260324_223758_view.sql.gz
2026/03/25 00:34:39   - 20260324_223758_viewddl.sql.gz
2026/03/25 00:34:39 Starting import of 7 file types
2026/03/25 00:34:39 Processing file type: table.sql
2026/03/25 00:34:39 Looking for files matching: export/2026-03-24_223758/tens_tensormoney1/*_table.sql.gz
2026/03/25 00:34:39 Found 1 file(s) for table.sql
2026/03/25 00:34:39 Processing file 1/1: 20260324_223758_table.sql.gz
2026/03/25 00:34:39 Reading gzipped file: export/2026-03-24_223758/tens_tensormoney1/20260324_223758_table.sql.gz
2026/03/25 00:42:30 queryAllStructure: 
						SELECT table_name AS name, 'TABLE' AS type 
						FROM information_schema.tables 
						WHERE table_schema = 'tens_tensormoney1' AND table_type = 'BASE TABLE'

						UNION ALL

						SELECT table_name AS name, 'VIEW' AS type 
						FROM information_schema.tables 
						WHERE table_schema = 'tens_tensormoney1' AND table_type = 'VIEW'

						UNION ALL

						SELECT routine_name AS name, 'PROCEDURE' AS type 
						FROM information_schema.routines 
						WHERE routine_schema = 'tens_tensormoney1' AND routine_type = 'PROCEDURE'

						UNION ALL

						SELECT routine_name AS name, 'FUNCTION' AS type 
						FROM information_schema.routines 
						WHERE routine_schema = 'tens_tensormoney1' AND routine_type = 'FUNCTION'

						UNION ALL

						SELECT trigger_name AS name, 'TRIGGER' AS type 
						FROM information_schema.triggers 
						WHERE trigger_schema = 'tens_tensormoney1'

						UNION ALL

						SELECT event_name AS name, 'EVENT' AS type 
						FROM information_schema.events 
						WHERE event_schema = 'tens_tensormoney1';
2026/03/25 00:42:31 TABLE,VIEW: SELECT * FROM m1 LIMIT 100
2026/03/25 00:42:31  KEYS error Error getting primary key column: sql: no rows in result set
2026/03/25 00:42:31 dbName: tens_tensormoney1
2026/03/25 00:42:31 tableName: m1
2026/03/25 00:42:31 Query: 
	SELECT COLUMN_NAME
	FROM INFORMATION_SCHEMA.COLUMNS
	WHERE TABLE_SCHEMA = ?
	  AND TABLE_NAME = ?
	  AND COLUMN_KEY = 'PRI'
	LIMIT 1
	
2026/03/25 00:42:31 PrimaryKey: 
2026/03/25 00:42:31 Error: sql: no rows in result set
2026/03/25 00:42:31 tableName: m1
2026/03/25 00:42:31 dbName: tens_tensormoney1
2026/03/25 00:42:31 Error getting primary key column: sql: no rows in result set
2026/03/25 00:42:32 Starting import...

2026/03/25 00:42:32 === IMPORT STARTED ===
2026/03/25 00:42:32 Importing database: tens_tensormoney1
2026/03/25 00:42:32 findLatestExportFolder: Starting search
2026/03/25 00:42:32 Looking for export folder at: export
2026/03/25 00:42:32 Found 4 entries in export folder
2026/03/25 00:42:32 Checking folder: 2026-03-24_022117
2026/03/25 00:42:32   Checking for database folder: export/2026-03-24_022117/tens_tensormoney1
2026/03/25 00:42:32   Database folder not found: stat export/2026-03-24_022117/tens_tensormoney1: no such file or directory
2026/03/25 00:42:32 Checking folder: 2026-03-24_205538
2026/03/25 00:42:32   Checking for database folder: export/2026-03-24_205538/tens_tensormoney1
2026/03/25 00:42:32   Database folder not found: stat export/2026-03-24_205538/tens_tensormoney1: no such file or directory
2026/03/25 00:42:32 Checking folder: 2026-03-24_221407
2026/03/25 00:42:32   Checking for database folder: export/2026-03-24_221407/tens_tensormoney1
2026/03/25 00:42:32   Database folder not found: stat export/2026-03-24_221407/tens_tensormoney1: no such file or directory
2026/03/25 00:42:32 Checking folder: 2026-03-24_223758
2026/03/25 00:42:32   Checking for database folder: export/2026-03-24_223758/tens_tensormoney1
2026/03/25 00:42:32   Found database folder: export/2026-03-24_223758/tens_tensormoney1
2026/03/25 00:42:32   Found 7 SQL files
2026/03/25 00:42:32   Adding valid folder: export/2026-03-24_223758
2026/03/25 00:42:32 Found 1 valid folders, latest is: export/2026-03-24_223758
2026/03/25 00:42:32   1: export/2026-03-24_223758
2026/03/25 00:42:32 [green]Found export folder: 2026-03-24_223758
2026/03/25 00:42:32 Processing tables with streaming...
2026/03/25 00:42:34 Error in tables: Error 1064 (42000): You have an error in your SQL syntax; check the manual that corresponds to your MySQL server version for the right syntax to use near '1377', '102254', 'HSBC Flexi Cap Fund', 'HSBC India Opportunities Fund--', 'HSBC' at line 377
2026/03/25 00:42:36 Error in tables: Error 1064 (42000): You have an error in your SQL syntax; check the manual that corresponds to your MySQL server version for the right syntax to use near '2315', '2025-04-12 13:38:15.912', '2025-04-12 13:38:15.912', 'TOTAL', '', '', ''' at line 315
2026/03/25 00:42:37 Error in tables: Error 1064 (42000): You have an error in your SQL syntax; check the manual that corresponds to your MySQL server version for the right syntax to use near '7698', '2025-04-12 13:43:57.691', '2025-04-12 13:43:57.691', 'TOTAL', '', '', ''' at line 698
2026/03/25 00:42:38 Error in tables: Error 1064 (42000): You have an error in your SQL syntax; check the manual that corresponds to your MySQL server version for the right syntax to use near '10382', '103731', 'Sahara Infrastructure Fund - FIXED PRICING OPTION', 'Sahara I' at line 382
2026/03/25 00:42:42 Error in tables: Error 1064 (42000): You have an error in your SQL syntax; check the manual that corresponds to your MySQL server version for the right syntax to use near '103731', 'Sahara Infrastructure Fund ---FIXED PRICING OPTION-Growth Option', NUL' at line 753
2026/03/25 00:43:03 Warning: Statement exceeded max buffer size for tables, skipping
2026/03/25 00:43:09 Warning: Statement exceeded max buffer size for tables, skipping
2026/03/25 00:43:10 Warning: Statement exceeded max buffer size for tables, skipping
2026/03/25 00:43:10 Warning: Statement exceeded max buffer size for tables, skipping
2026/03/25 00:43:20 [blue]Processed 1000 statements for tables...
2026/03/25 00:45:57 [blue]Processed 3000 statements for tables...
2026/03/25 00:50:20 [blue]Processed 5000 statements for tables...
2026/03/25 01:08:09 [blue]Processed 7000 statements for tables...
2026/03/25 20:14:45 queryAllStructure: 
						SELECT table_name AS name, 'TABLE' AS type 
						FROM information_schema.tables 
						WHERE table_schema = 'tens_tensormoney1' AND table_type = 'BASE TABLE'

						UNION ALL

						SELECT table_name AS name, 'VIEW' AS type 
						FROM information_schema.tables 
						WHERE table_schema = 'tens_tensormoney1' AND table_type = 'VIEW'

						UNION ALL

						SELECT routine_name AS name, 'PROCEDURE' AS type 
						FROM information_schema.routines 
						WHERE routine_schema = 'tens_tensormoney1' AND routine_type = 'PROCEDURE'

						UNION ALL

						SELECT routine_name AS name, 'FUNCTION' AS type 
						FROM information_schema.routines 
						WHERE routine_schema = 'tens_tensormoney1' AND routine_type = 'FUNCTION'

						UNION ALL

						SELECT trigger_name AS name, 'TRIGGER' AS type 
						FROM information_schema.triggers 
						WHERE trigger_schema = 'tens_tensormoney1'

						UNION ALL

						SELECT event_name AS name, 'EVENT' AS type 
						FROM information_schema.events 
						WHERE event_schema = 'tens_tensormoney1';
2026/03/25 20:14:46 TABLE,VIEW: SELECT * FROM amc_location_infos LIMIT 100
2026/03/25 20:14:58 TABLE,VIEW: SELECT * FROM fund_a_u_m_s LIMIT 100
2026/03/25 20:15:00 Starting import...

2026/03/25 20:15:00 === IMPORT STARTED ===
2026/03/25 20:15:00 Importing database: tens_tensormoney1
2026/03/25 20:15:00 findLatestExportFolder: Starting search
2026/03/25 20:15:00 Looking for export folder at: export
2026/03/25 20:15:00 Found 4 entries in export folder
2026/03/25 20:15:00 Checking folder: 2026-03-24_022117
2026/03/25 20:15:00   Checking for database folder: export/2026-03-24_022117/tens_tensormoney1
2026/03/25 20:15:00   Database folder not found: stat export/2026-03-24_022117/tens_tensormoney1: no such file or directory
2026/03/25 20:15:00 Checking folder: 2026-03-24_205538
2026/03/25 20:15:00   Checking for database folder: export/2026-03-24_205538/tens_tensormoney1
2026/03/25 20:15:00   Database folder not found: stat export/2026-03-24_205538/tens_tensormoney1: no such file or directory
2026/03/25 20:15:00 Checking folder: 2026-03-24_221407
2026/03/25 20:15:00   Checking for database folder: export/2026-03-24_221407/tens_tensormoney1
2026/03/25 20:15:00   Database folder not found: stat export/2026-03-24_221407/tens_tensormoney1: no such file or directory
2026/03/25 20:15:00 Checking folder: 2026-03-24_223758
2026/03/25 20:15:00   Checking for database folder: export/2026-03-24_223758/tens_tensormoney1
2026/03/25 20:15:00   Found database folder: export/2026-03-24_223758/tens_tensormoney1
2026/03/25 20:15:00   Found 7 SQL files
2026/03/25 20:15:00   Adding valid folder: export/2026-03-24_223758
2026/03/25 20:15:00 Found 1 valid folders, latest is: export/2026-03-24_223758
2026/03/25 20:15:00   1: export/2026-03-24_223758
2026/03/25 20:15:00 [green]Found export folder: 2026-03-24_223758
2026/03/25 20:15:00 Processing tables with streaming...
2026/03/25 20:32:28 queryAllStructure: 
						SELECT table_name AS name, 'TABLE' AS type 
						FROM information_schema.tables 
						WHERE table_schema = 'tens_tensormoney1' AND table_type = 'BASE TABLE'

						UNION ALL

						SELECT table_name AS name, 'VIEW' AS type 
						FROM information_schema.tables 
						WHERE table_schema = 'tens_tensormoney1' AND table_type = 'VIEW'

						UNION ALL

						SELECT routine_name AS name, 'PROCEDURE' AS type 
						FROM information_schema.routines 
						WHERE routine_schema = 'tens_tensormoney1' AND routine_type = 'PROCEDURE'

						UNION ALL

						SELECT routine_name AS name, 'FUNCTION' AS type 
						FROM information_schema.routines 
						WHERE routine_schema = 'tens_tensormoney1' AND routine_type = 'FUNCTION'

						UNION ALL

						SELECT trigger_name AS name, 'TRIGGER' AS type 
						FROM information_schema.triggers 
						WHERE trigger_schema = 'tens_tensormoney1'

						UNION ALL

						SELECT event_name AS name, 'EVENT' AS type 
						FROM information_schema.events 
						WHERE event_schema = 'tens_tensormoney1';
2026/03/25 20:33:19 queryAllStructure: 
						SELECT table_name AS name, 'TABLE' AS type 
						FROM information_schema.tables 
						WHERE table_schema = 'tens_tensormoney1' AND table_type = 'BASE TABLE'

						UNION ALL

						SELECT table_name AS name, 'VIEW' AS type 
						FROM information_schema.tables 
						WHERE table_schema = 'tens_tensormoney1' AND table_type = 'VIEW'

						UNION ALL

						SELECT routine_name AS name, 'PROCEDURE' AS type 
						FROM information_schema.routines 
						WHERE routine_schema = 'tens_tensormoney1' AND routine_type = 'PROCEDURE'

						UNION ALL

						SELECT routine_name AS name, 'FUNCTION' AS type 
						FROM information_schema.routines 
						WHERE routine_schema = 'tens_tensormoney1' AND routine_type = 'FUNCTION'

						UNION ALL

						SELECT trigger_name AS name, 'TRIGGER' AS type 
						FROM information_schema.triggers 
						WHERE trigger_schema = 'tens_tensormoney1'

						UNION ALL

						SELECT event_name AS name, 'EVENT' AS type 
						FROM information_schema.events 
						WHERE event_schema = 'tens_tensormoney1';
2026/03/25 20:33:20 TABLE,VIEW: SELECT * FROM M1 LIMIT 100
2026/03/25 20:33:20  KEYS error Error getting primary key column: sql: no rows in result set
2026/03/25 20:33:20 dbName: tens_tensormoney1
2026/03/25 20:33:20 tableName: M1
2026/03/25 20:33:20 Query: 
	SELECT COLUMN_NAME
	FROM INFORMATION_SCHEMA.COLUMNS
	WHERE TABLE_SCHEMA = ?
	  AND TABLE_NAME = ?
	  AND COLUMN_KEY = 'PRI'
	LIMIT 1
	
2026/03/25 20:33:20 PrimaryKey: 
2026/03/25 20:33:20 Error: sql: no rows in result set
2026/03/25 20:33:20 tableName: M1
2026/03/25 20:33:20 dbName: tens_tensormoney1
2026/03/25 20:33:20 Error getting primary key column: sql: no rows in result set
2026/03/25 20:33:23 Starting import...

2026/03/25 20:33:23 === IMPORT STARTED ===
2026/03/25 20:33:23 Importing database: tens_tensormoney1
2026/03/25 20:33:23 findLatestExportFolder: Starting search
2026/03/25 20:33:23 Looking for export folder at: export
2026/03/25 20:33:23 Found 4 entries in export folder
2026/03/25 20:33:23 Checking folder: 2026-03-24_022117
2026/03/25 20:33:23   Checking for database folder: export/2026-03-24_022117/tens_tensormoney1
2026/03/25 20:33:23   Database folder not found: stat export/2026-03-24_022117/tens_tensormoney1: no such file or directory
2026/03/25 20:33:23 Checking folder: 2026-03-24_205538
2026/03/25 20:33:23   Checking for database folder: export/2026-03-24_205538/tens_tensormoney1
2026/03/25 20:33:23   Database folder not found: stat export/2026-03-24_205538/tens_tensormoney1: no such file or directory
2026/03/25 20:33:23 Checking folder: 2026-03-24_221407
2026/03/25 20:33:23   Checking for database folder: export/2026-03-24_221407/tens_tensormoney1
2026/03/25 20:33:23   Database folder not found: stat export/2026-03-24_221407/tens_tensormoney1: no such file or directory
2026/03/25 20:33:23 Checking folder: 2026-03-24_223758
2026/03/25 20:33:23   Checking for database folder: export/2026-03-24_223758/tens_tensormoney1
2026/03/25 20:33:23   Found database folder: export/2026-03-24_223758/tens_tensormoney1
2026/03/25 20:33:23   Found 7 SQL files
2026/03/25 20:33:23   Adding valid folder: export/2026-03-24_223758
2026/03/25 20:33:23 Found 1 valid folders, latest is: export/2026-03-24_223758
2026/03/25 20:33:23   1: export/2026-03-24_223758
2026/03/25 20:33:23 [green]Found export folder: 2026-03-24_223758
2026/03/25 20:33:23 Processing tables with streaming...
2026/03/25 20:33:24 Error in tables: Error 1064 (42000): You have an error in your SQL syntax; check the manual that corresponds to your MySQL server version for the right syntax to use near '1377', '102254', 'HSBC Flexi Cap Fund', 'HSBC India Opportunities Fund--', 'HSBC' at line 377
2026/03/25 20:33:25 Error in tables: Error 1064 (42000): You have an error in your SQL syntax; check the manual that corresponds to your MySQL server version for the right syntax to use near '2315', '2025-04-12 13:38:15.912', '2025-04-12 13:38:15.912', 'TOTAL', '', '', ''' at line 315
2026/03/25 20:33:26 Error in tables: Error 1064 (42000): You have an error in your SQL syntax; check the manual that corresponds to your MySQL server version for the right syntax to use near '7698', '2025-04-12 13:43:57.691', '2025-04-12 13:43:57.691', 'TOTAL', '', '', ''' at line 698
2026/03/25 20:33:26 Error in tables: Error 1064 (42000): You have an error in your SQL syntax; check the manual that corresponds to your MySQL server version for the right syntax to use near '10382', '103731', 'Sahara Infrastructure Fund - FIXED PRICING OPTION', 'Sahara I' at line 382
2026/03/25 20:33:28 Error in tables: Error 1064 (42000): You have an error in your SQL syntax; check the manual that corresponds to your MySQL server version for the right syntax to use near '103731', 'Sahara Infrastructure Fund ---FIXED PRICING OPTION-Growth Option', NUL' at line 753
2026/03/25 20:33:38 Warning: Statement exceeded max buffer size for tables, skipping
2026/03/25 20:33:44 Warning: Statement exceeded max buffer size for tables, skipping
2026/03/25 20:33:44 Warning: Statement exceeded max buffer size for tables, skipping
2026/03/25 20:33:44 Warning: Statement exceeded max buffer size for tables, skipping
2026/03/25 20:33:50 [blue]Processed 1000 statements for tables...
2026/03/25 20:34:49 [blue]Processed 3000 statements for tables...
2026/03/25 20:37:08 [blue]Processed 5000 statements for tables...
2026/03/25 20:43:50 [blue]Processed 7000 statements for tables...
2026/03/25 20:57:21 [blue]Processed 9000 statements for tables...
